"","fish","agei","lencap","agecap","A1","A2","A3","A4","A6"
"1",1,1,213,4,116.414127601349,119.42289569538,118.852935199791,106.288388250601,69.7198484065614
"2",1,2,213,4,172.95101292765,176.779212301035,176.20543002545,167.822396552272,166.885671087788
"3",1,3,213,4,201.811838723536,206.065597398964,202.813005875523,204.33706002214,201.717108346016
"4",1,4,213,4,213,213,213,213,213
"5",2,1,175,3,100.084184744152,96.2538314170928,103.19956186569,96.0194659637466,51.790556781988
"6",2,2,175,3,155.029268917995,149.946485428406,152.013377715614,148.755363555852,141.838026024327
"7",2,3,175,3,175,175,175,175,175
"8",3,1,180,3,115.519337471763,115.409511570554,111.611843021593,114.524194710682,73.634776337863
"9",3,2,180,3,161.115726918042,160.810917411783,162.885844850072,159.253821632123,148.453074834296
"10",3,3,180,3,180,180,180,180,180
"11",4,1,194,4,112.688192292278,116.729987138595,107.205693071278,114.496950567351,69.566983291917
"12",4,2,194,4,164.344212990503,159.889876786113,165.255345316919,157.737025062676,139.143920433378
"13",4,3,194,4,183.083058055621,185.159744419811,185.913339342076,183.759782739718,178.570551435433
"14",4,4,194,4,194,194,194,194,194
"15",5,1,183,3,103.53911138893,103.640719182606,99.8511894505178,96.1193503447293,53.3627405714736
"16",5,2,183,3,158.029108257967,159.38819832853,159.027510045322,151.92799531289,156.737353390171
"17",5,3,183,3,183,183,183,183,183
"18",6,1,178,3,117.05801076476,123.238738345233,116.264780157393,112.047534508421,82.0617741795133
"19",6,2,178,3,160.987619160507,164.912760844516,164.158961452593,157.666845270088,149.6921264261
"20",6,3,178,3,178,178,178,178,178
"21",7,1,199,3,112.987097345772,115.401868958556,112.677594899394,105.694250876652,69.3845084860245
"22",7,2,199,3,169.708945059279,173.313501517605,173.686563672714,169.475429660328,151.921376054607
"23",7,3,199,3,199,199,199,199,199
"24",8,1,205,6,88.5266534120668,86.6176046169273,83.1415749968127,79.2123336816868,30.3145966118446
"25",8,2,205,6,146.897862284575,142.93235769489,146.807345131934,140.558726241139,111.115925703237
"26",8,3,205,6,180.214400046425,175.348792989439,180.788331325896,176.657077431436,160.430141246322
"27",8,4,205,6,193.559823154852,190.353596756072,189.980992785487,192.136194836923,180.03953268723
"28",8,5,205,6,198.553689226392,196.140477949102,197.337482042531,197.516095694746,197.272538199963
"29",8,6,205,6,205,205,205,205,205
"30",9,1,187,4,79.3433467956745,80.9800142602072,80.7881273494826,76.0621643450072,5.66022205040965
"31",9,2,187,4,110.772291544624,112.928430932699,118.822477537825,110.785360744051,82.9554619452963
"32",9,3,187,4,157.537205097738,150.841347856204,161.741842625626,156.583869528685,144.953903683517
"33",9,4,187,4,187,187,187,187,187
"34",10,1,210,6,94.0124576483417,100.748889189594,86.9846780037559,85.8559144733425,37.3338611211986
"35",10,2,210,6,150.901357709525,153.361107569108,146.236249892211,148.002661630549,133.031343030486
"36",10,3,210,6,176.591988062164,180.503253556007,175.512614347906,177.978779432691,175.462436432738
"37",10,4,210,6,195.399136294696,195.254553514065,192.819126566672,195.581578252116,197.706821050859
"38",10,5,210,6,204.172153874535,205.445333753175,203.820392677534,204.275587403984,205.953122935458
"39",10,6,210,6,210,210,210,210,210
"40",11,1,172,3,90.4059563802897,93.7969168149831,87.9347279547309,90.6624108827384,26.9550138059582
"41",11,2,172,3,151.002680917955,152.904247428043,155.776427560413,148.120979724697,139.755768403212
"42",11,3,172,3,172,172,172,172,172
"43",12,1,201,6,85.4219484785024,84.1092838472619,80.7193606035852,83.1023483813339,17.3792143362459
"44",12,2,201,6,141.329405893224,140.656249119637,139.552628965028,140.740434042077,104.760383406353
"45",12,3,201,6,171.567867667685,170.390094777361,167.868479718725,171.181884605699,155.474450294632
"46",12,4,201,6,192.175542410195,191.186233896868,188.872865837234,191.581500671923,184.188255873815
"47",12,5,201,6,197.53119524088,198.410300125009,195.254322685364,197.755184533499,194.850564994251
"48",12,6,201,6,201,201,201,201,201
"49",13,1,177,3,114.962138606727,114.74118559335,109.789379393662,106.940375205069,75.675644514273
"50",13,2,177,3,152.915391635384,152.49341195961,150.967990863761,148.967240976668,136.058977852164
"51",13,3,177,3,177,177,177,177,177
"52",14,1,186,4,106.414899194756,104.856211840379,98.9800541941909,97.8512412354013,47.2843670946026
"53",14,2,186,4,153.125948744744,150.608446179903,148.557114302846,145.195635417634,129.682590317368
"54",14,3,186,4,176.399044290324,175.411858972085,173.377923353996,174.723405607398,168.21497353765
"55",14,4,186,4,186,186,186,186,186
"56",15,1,171,3,107.016863807258,104.079122262013,103.946445559014,97.6453129244269,52.615563555587
"57",15,2,171,3,152.734010619517,150.626951774158,148.289077321972,149.649273612265,140.29992282744
"58",15,3,171,3,171,171,171,171,171
"59",16,1,165,4,77.2643631046124,79.1476380422122,75.7149283733341,74.9318630154801,-0.762145363047178
"60",16,2,165,4,103.89556453045,103.265081808953,102.004022720027,102.128503073382,50.0215637736809
"61",16,3,165,4,138.012342546077,136.382546014071,137.992437474922,132.716429855609,114.216290863272
"62",16,4,165,4,165,165,165,165,165
"63",17,1,215,6,98.5055011313619,103.587369780921,91.3600556156705,95.8929471451097,46.9824061544193
"64",17,2,215,6,151.898635591162,151.849292621777,143.955353366659,151.259796388971,123.449099741063
"65",17,3,215,6,181.636913092477,183.687458866803,181.230926343915,183.058214440448,171.18504209132
"66",17,4,215,6,201.190460514445,200.594937297438,202.457263843928,203.525655957126,197.955301106917
"67",17,5,215,6,212.201976256959,212.649942188396,210.917164032497,213.568599061787,212.301451479753
"68",17,6,215,6,215,215,215,215,215
"69",18,1,187,4,101.61898128896,99.347830702015,97.7117117305131,96.9407847556628,54.7503815454487
"70",18,2,187,4,150.698004390748,149.882077123014,148.684044756204,149.856601659883,129.268550547932
"71",18,3,187,4,172.095590486237,171.19160071054,171.659745026557,173.220503304476,164.49094473018
"72",18,4,187,4,187,187,187,187,187
"73",19,1,156,2,109.880146032425,111.869379300306,108.650737167568,104.773595619974,76.53090756096
"74",19,2,156,2,156,156,156,156,156
"75",20,1,201,3,124.151146935028,125.976230028459,123.187475399221,117.929361195728,80.3470433781122
"76",20,2,201,3,179.629391799704,183.358130872979,178.796555413903,178.206036721461,163.120468172943
"77",20,3,201,3,201,201,201,201,201
"78",21,1,180,3,95.5494907468259,97.1115618737755,95.7450053182593,90.4750605739516,39.1863858727782
"79",21,2,180,3,150.944057775621,154.680863884559,149.358529444626,148.006533964558,135.469382994543
"80",21,3,180,3,180,180,180,180,180
"81",22,1,177,3,113.518673539125,114.156819196621,111.861975459343,111.05160267074,69.898066213416
"82",22,2,177,3,157.447183157271,159.204771485687,161.628849350983,158.439207162236,148.992010857865
"83",22,3,177,3,177,177,177,177,177
"84",23,1,183,3,100.781742787748,102.785864596423,99.79692671487,95.9367293301819,48.8631600276177
"85",23,2,183,3,151.171987416338,149.525111923798,152.738670396989,143.934639477391,138.419366769636
"86",23,3,183,3,183,183,183,183,183
"87",24,1,167,3,118.934371008013,113.926312519024,119.814396135597,112.915358574531,83.1749938928279
"88",24,2,167,3,153.199014364539,154.272780588482,155.187103364888,151.652412193528,144.523168223603
"89",24,3,167,3,167,167,167,167,167
"90",25,1,180,3,116.126914123816,112.942639101504,111.893380219493,110.280746385685,82.8865931580332
"91",25,2,180,3,160.250417313004,155.040455495875,158.522018282619,158.218304378753,150.392130427245
"92",25,3,180,3,180,180,180,180,180
"93",26,1,198,6,80.1288423991132,82.8193256592287,74.3812896855067,78.2980945586806,11.1495730236499
"94",26,2,198,6,142.753601381829,136.553316425855,133.118227347191,132.174807217758,102.760485855912
"95",26,3,198,6,171.850129714891,167.263915268627,168.312973840295,167.0443252287,152.945104820817
"96",26,4,198,6,184.182542723125,185.067461063179,185.93892095386,184.332188190117,177.169246295513
"97",26,5,198,6,194.213998725991,194.150025068391,193.374964427293,193.066813559872,192.003427826941
"98",26,6,198,6,198,198,198,198,198
"99",27,1,185,4,109.124912360404,111.033607858109,103.54356040506,105.490969416319,66.0267222502727
"100",27,2,185,4,148.558229574257,146.431238692019,154.368205188951,145.084077250082,124.248910900421
"101",27,3,185,4,178.563799232119,178.325989052034,177.403395502816,173.600948619904,173.80769916379
"102",27,4,185,4,185,185,185,185,185
"103",28,1,177,4,93.0016888682216,87.9189487556571,83.413067656993,86.3155753335351,NA
"104",28,2,177,4,121.934416593303,122.144592612746,125.701734991839,118.770165171146,NA
"105",28,3,177,4,151.217128323816,150.867142051794,150.456268849104,148.720000691369,NA
"106",28,4,177,4,177,177,177,177,NA
"107",29,1,167,2,108.962239753755,116.69175007905,113.54771854035,120.659072514697,75.9650774834067
"108",29,2,167,2,167,167,167,167,167
"109",30,1,174,4,110.273356728461,107.781499620148,106.770205881808,103.28950278692,62.6027328263969
"110",30,2,174,4,156.543061584497,156.201548194612,157.324924994047,150.679841868768,157.315613380771
"111",30,3,174,4,169.08928357004,168.956464114064,168.016580430625,168.902621753692,168.198121021114
"112",30,4,174,4,174,174,174,174,174
"113",31,1,186,3,117.994736186493,113.389263359887,111.750879387725,113.665118278117,84.6524263137616
"114",31,2,186,3,156.616154627586,152.951617818639,155.138670396989,158.494935490576,158.638422711129
"115",31,3,186,3,186,186,186,186,186
"116",32,1,217,7,109.583992419344,112.913282122388,102.092235895078,106.237589570957,59.1110759790105
"117",32,2,217,7,153.433741907807,157.082115240607,149.206975483903,158.483528049568,129.207983703893
"118",32,3,217,7,193.723184987016,196.928548253842,177.156387647082,199.221729123139,186.843196821171
"119",32,4,217,7,202.617198820982,205.188211269119,190.647745787404,210.747981399301,194.631631508031
"120",32,5,217,7,211.83487687397,213.447874284397,200.104298153906,212.536917409661,204.413937332107
"121",32,6,217,7,214.579270546497,215.390183300082,210.569551963863,214.325853420021,212.70083980327
"122",32,7,217,7,217,217,217,217,217
"123",33,1,180,3,110.933081484266,110.541333124328,111.514464273143,108.8954261726,61.3435737234402
"124",33,2,180,3,157.768745092675,155.891827615055,155.624945312855,157.487516192952,144.549573324041
"125",33,3,180,3,180,180,180,180,180
"126",34,1,186,4,112.807766151427,113.149715801718,109.786868869197,104.287970023702,61.9299256086622
"127",34,2,186,4,147.743558958096,148.403307069656,148.667343812531,143.269755440017,127.543854110097
"128",34,3,186,4,176.47451030682,177.447371996928,177.205697111884,172.488088997647,168.719521416879
"129",34,4,186,4,186,186,186,186,186
"130",35,1,200,4,112.213951689844,105.229981837698,102.751462166566,104.302695553792,57.5201223052477
"131",35,2,200,4,157.062910673936,157.85965982645,153.180467213344,149.102083049101,133.087751946659
"132",35,3,200,4,184.376558917233,184.111241658325,185.707154624707,179.526866129658,176.052925628271
"133",35,4,200,4,200,200,200,200,200
"134",36,1,201,4,115.443308984299,112.262442671805,108.860284163596,105.566959060805,59.6743626672915
"135",36,2,201,4,163.252411617515,160.768806489652,163.360072700102,157.582092281696,132.383768362453
"136",36,3,201,4,188.461154994279,187.284633969937,192.055702166866,181.852131720713,181.237827316222
"137",36,4,201,4,201,201,201,201,201
"138",37,1,202,4,107.852238508995,104.415292611591,102.564018410396,100.981741123807,49.4577190333497
"139",37,2,202,4,160.008051414855,159.670061083941,156.679914279026,156.174852789531,140.425753189076
"140",37,3,202,4,191.909969222078,191.303551499124,192.432393256416,191.640968973844,184.847614186395
"141",37,4,202,4,202,202,202,202,202
"142",38,1,186,6,91.4977957941507,88.1022038706566,85.7087820600317,80.4904039953781,2.0665185598315
"143",38,2,186,6,141.958846575033,134.668256083305,136.630478013019,132.819453781247,81.9353344901795
"144",38,3,186,6,164.253677958917,158.489428102084,159.433627342801,158.878060376607,150.120863737866
"145",38,4,186,6,174.632031905611,172.782339499107,173.19867240084,168.579598570329,168.652424584241
"146",38,5,186,6,183.565964344767,182.464802208185,182.612037624335,181.750817940157,181.342342089285
"147",38,6,186,6,186,186,186,186,186
"148",39,1,197,4,116.391414460736,117.179954205959,118.805893542377,117.245453392175,85.0505383695857
"149",39,2,197,4,156.159841737943,166.534120578537,151.212593988116,158.028120069734,151.377945104799
"150",39,3,197,4,188.063086841906,188.294599302839,185.105700283824,192.671189857225,190.050082760034
"151",39,4,197,4,197,197,197,197,197
"152",40,1,181,6,82.0640095390358,77.5177996021164,65.5065775596905,75.1467724626221,20.892160310934
"153",40,2,181,6,117.433940188545,117.576943383891,109.208194370652,117.582336193606,94.7091351912491
"154",40,3,181,6,154.433863783381,151.019335900526,146.113705033435,150.391805255513,147.371993060789
"155",40,4,181,6,163.071910129544,161.128973955879,159.769378873501,167.01193328306,164.777989245702
"156",40,5,181,6,176.599935311685,174.721112677096,176.286571091748,175.318615914586,174.49157924488
"157",40,6,181,6,181,181,181,181,181
"158",41,1,180,3,120.637034706001,120.92110415329,117.487628614805,114.889160232149,75.7301974590853
"159",41,2,180,3,161.969207724312,165.499150567443,160.87858890208,157.084883675974,153.822977781381
"160",41,3,180,3,180,180,180,180,180
"161",42,1,209,6,93.7904323290561,103.322411192019,92.0064935378166,88.1291765581631,39.7149014238685
"162",42,2,209,6,155.847708482921,156.351639939741,154.217093230193,153.909280229328,110.027137254949
"163",42,3,209,6,177.80208577684,177.57086822886,172.903388646077,179.999507897166,170.911299952619
"164",42,4,209,6,190.580376043483,190.000491128102,188.317179981022,189.666338598111,189.369133549941
"165",42,5,209,6,201.659390934705,202.430114027343,201.112968051216,204.807634954686,202.327257819441
"166",42,6,209,6,209,209,209,209,209
"167",43,1,171,3,90.3337287020116,92.8589593320131,88.7969419860771,87.0536312988885,39.8745178260382
"168",43,2,171,3,150.904101262017,149.174441374894,143.589674756247,144.991043084437,126.077812896372
"169",43,3,171,3,171,171,171,171,171
"170",44,1,188,4,108.894733643272,104.792395636074,104.189000744421,102.759375899618,55.2828858575375
"171",44,2,188,4,149.546450347347,147.605422557749,147.78461683937,150.120759550046,126.885191060509
"172",44,3,188,4,172.57442453908,173.154527188928,172.86420484979,173.675879818472,166.746106363119
"173",44,4,188,4,188,188,188,188,188
"174",45,1,191,3,108.286208103861,109.283325105994,110.740196753453,106.48216616006,62.4894094617565
"175",45,2,191,3,166.2770007045,163.651926421542,160.057400621462,164.546746537059,157.393481767464
"176",45,3,191,3,191,191,191,191,191
"177",46,1,197,4,105.0897050529,101.049645106789,89.8561995262867,95.78002008417,47.4399951119286
"178",46,2,197,4,160.507367632129,156.57904950748,156.323681091501,154.826002726207,167.065869346481
"179",46,3,197,4,186.060871568986,184.656774375817,185.216733009966,184.010917950867,187.201270915601
"180",46,4,197,4,197,197,197,197,197
"181",47,1,190,4,99.2848995978791,103.301458980899,94.0861941563032,90.0622672627698,NA
"182",47,2,190,4,136.655874772909,137.706814074847,136.352290565369,131.780604717993,NA
"183",47,3,190,4,175.01444187669,174.865089879252,175.9819066856,173.933722856466,NA
"184",47,4,190,4,190,190,190,190,NA
"185",48,1,181,4,104.331445349924,108.41793618922,102.253591773504,106.576752438703,63.8019020506415
"186",48,2,181,4,154.524721430995,150.022558673846,158.146246889404,150.066298300584,139.458860228066
"187",48,3,181,4,169.670867780109,171.289133722221,170.503369858104,174.24608793559,168.070342727098
"188",48,4,181,4,181,181,181,181,181
"189",49,1,182,3,109.239734930928,113.308805296138,103.774139623276,108.972212432071,61.4758862508559
"190",49,2,182,3,154.91887878328,155.274163393219,152.351671184153,154.970947258849,136.45037579005
"191",49,3,182,3,182,182,182,182,182
"192",50,1,210,6,90.3117298542916,87.6058480262506,86.2324062734736,85.9080126585329,25.9959452143778
"193",50,2,210,6,151.379734032238,141.822162556618,144.598849870709,143.053334037462,119.773950753113
"194",50,3,210,6,183.912376521751,172.845781126514,179.573001012105,178.942595858713,176.094726520604
"195",50,4,210,6,199.942641167351,196.562111928043,196.193199611226,192.247294399931,190.73773958488
"196",50,5,210,6,204.283721506846,203.1222018821,203.45648122801,202.009316348202,199.577519867695
"197",50,6,210,6,210,210,210,210,210
"198",51,1,180,4,109.60635510291,95.8650536521018,97.1758483125884,97.0476500745045,55.7381231404783
"199",51,2,180,4,143.599598895322,132.216212131202,134.232877756983,137.993155639454,116.524481055981
"200",51,3,180,4,173.080544619141,169.991286558268,171.289907201377,173.240923094496,172.14664369264
"201",51,4,180,4,180,180,180,180,180
"202",52,1,186,6,88.4908500793401,89.9846126052708,85.7087820600317,82.0921104178775,21.8574926491971
"203",52,2,186,6,139.542414358892,138.706795050093,132.613542781132,131.733898277507,108.577400729034
"204",52,3,186,6,159.831199166719,158.686691080772,155.416692110915,155.224039586659,140.716459897152
"205",52,4,186,6,174.03896942781,171.286810869983,172.194438592868,172.643262946594,156.768532017605
"206",52,5,186,6,181.092604928035,180.391247176392,181.94254841902,180.2556188501,180.289562410188
"207",52,6,186,6,186,186,186,186,186
"208",53,1,169,3,105.716874148057,113.358650469253,101.9488617306,101.218895958857,60.0838216461229
"209",53,2,169,3,157.794625454247,159.165456813336,149.857563087895,152.055472309522,144.268498627098
"210",53,3,169,3,169,169,169,169,169
"211",54,1,182,3,111.924799770043,104.070268712685,105.373991653612,102.044363856942,56.3460836149411
"212",54,2,182,3,154.689450068579,153.472513297032,155.451431458994,151.489439599266,138.81276314639
"213",54,3,182,3,182,182,182,182,182
"214",55,1,185,3,115.78092560706,116.368234001758,114.128549761606,110.649901690807,79.3693506383915
"215",55,2,185,3,162.198946114596,163.152970069307,158.457756724678,155.995991746964,157.578945479702
"216",55,3,185,3,185,185,185,185,185
"217",56,1,182,3,103.214490886272,100.568076242759,95.8055356276244,92.6351281943431,44.889997544874
"218",56,2,182,3,155.480376078634,159.41880933026,152.381817227012,154.282554604967,148.752184486411
"219",56,3,182,3,182,182,182,182,182
"220",57,1,170,3,99.38007555542,96.0679311739235,94.2019548808848,90.8938266069338,46.9344370038467
"221",57,2,170,3,148.611716420454,148.82458558021,147.790321135459,148.046390996865,138.378291960223
"222",57,3,170,3,170,170,170,170,170
"223",58,1,189,4,109.755394114023,109.609602362627,105.003565998445,103.80259507628,59.0191569346785
"224",58,2,189,4,159.18908871702,155.864497017092,162.720246251453,150.341325779546,130.123604238771
"225",58,3,189,4,181.000192150811,182.09783000348,179.82929054986,182.66619415809,177.633910303063
"226",58,4,189,4,189,189,189,189,189
"227",59,1,186,4,95.2517424670364,98.6174210915454,91.2256417544865,91.0658122639471,39.2278682666679
"228",59,2,186,4,136.434025236877,140.702922100655,132.466708490459,137.669519201239,111.819173269074
"229",59,3,186,4,168.416703276707,172.186443804617,166.785226061509,165.9738942047,162.222420998391
"230",59,4,186,4,186,186,186,186,186
"231",60,1,192,4,122.642051202406,124.633284457954,114.190692775023,117.91888100735,72.7940087004167
"232",60,2,192,4,165.059929072455,164.797223040243,160.776800172496,161.333823154528,154.611135561735
"233",60,3,192,4,185.296992631202,184.187885260391,180.23928480044,183.263320170254,179.93170699745
"234",60,4,192,4,192,192,192,192,192
"235",61,1,198,6,86.818497322057,86.1110753878996,82.5689079360343,82.1764008196054,18.6884120877994
"236",61,2,198,6,137.131211458544,137.962142209894,136.412609622381,136.484036396564,106.179088124605
"237",61,3,198,6,163.800629931117,164.49475101243,164.377190952836,165.43244058452,140.95760428911
"238",61,4,198,6,181.603812529721,184.535447502285,181.633170756716,181.923678476125,169.824476355787
"239",61,5,198,6,193.496171212347,192.890701829313,192.345005183244,193.521029608449,190.316519283874
"240",61,6,198,6,198,198,198,198,198
"241",62,1,177,3,103.083305669377,110.45754861621,103.135954696973,93.2907387767606,63.0775114066985
"242",62,2,177,3,151.357992299013,152.848205843339,152.122191927273,146.986536636913,144.459752188801
"243",62,3,177,3,177,177,177,177,177
"244",63,1,208,6,97.9996679923998,98.3806855741165,83.0188512901139,90.6054921079424,16.3369107772252
"245",63,2,208,6,166.304549964037,161.802864163532,149.84943112123,158.579473036159,142.458600620848
"246",63,3,208,6,182.615913792214,180.762561641263,178.71042254081,181.563067608821,174.109110622955
"247",63,4,208,6,195.868835376658,194.491378988208,192.315775759326,195.053277904623,190.206438577982
"248",63,5,208,6,203.922405146755,203.279920656077,203.548029702122,202.764906466685,202.84750385588
"249",63,6,208,6,208,208,208,208,208
"250",64,1,171,4,110.309105685357,116.578098849069,116.019580072076,110.11453896424,67.8618778447955
"251",64,2,171,4,133.465614923296,137.801350649041,134.464241365959,126.239423593275,112.676010067999
"252",64,3,171,4,148.518770254305,151.146800681359,149.373263122588,137.00253373003,137.685397190252
"253",64,4,171,4,171,171,171,171,171
"254",65,1,195,4,110.117178969272,109.709414648504,108.188175444458,104.969644481922,56.2204818264205
"255",65,2,195,4,158.462874756274,158.161496426802,156.254889828523,154.452330000336,140.290882116213
"256",65,3,195,4,185.433958141655,184.831525683648,183.687602020533,184.836920948908,181.01159475156
"257",65,4,195,4,195,195,195,195,195
"258",66,1,203,6,96.6241942054158,95.2797539343758,91.6093040121405,91.9640790172186,26.5110564300991
"259",66,2,203,6,147.057026385097,142.539763824756,147.22186820721,144.463023454508,120.593242348733
"260",66,3,203,6,179.345892973255,175.172970684422,178.025793253198,180.133212202501,171.1040785805
"261",66,4,203,6,192.854163598256,191.138425253274,192.756515470205,191.495198288177,189.121026910198
"262",66,5,203,6,199.677815321117,197.919608151679,199.101218819916,197.247599144089,199.753000716698
"263",66,6,203,6,203,203,203,203,203
"264",67,1,203,6,95.8955792173497,95.7903115490335,91.2280634762032,94.9864848522214,43.008185232328
"265",67,2,203,6,148.100930749228,147.882361699593,147.555374118447,151.595901225114,127.052834350044
"266",67,3,203,6,178.776435578097,173.237079703875,170.35261144809,181.559787756622,169.619547987571
"267",67,4,203,6,191.135503659629,187.505586818238,185.874455511791,190.85041837671,189.458625745544
"268",67,5,203,6,198.995797803218,197.535248592338,194.753549202241,198.303426249116,198.502076460727
"269",67,6,203,6,203,203,203,203,203
"270",68,1,170,4,76.3122145378836,81.4993838720429,78.9817756941005,69.5427148975374,9.16477166865842
"271",68,2,170,4,119.967156289022,123.778686979606,124.467182440251,120.348997595321,101.663805431903
"272",68,3,170,4,157.409258074945,159.313466284393,160.728334373026,158.164889545383,157.04315234475
"273",68,4,170,4,170,170,170,170,170
"274",69,1,218,6,99.5951495536941,98.1373738178249,93.5896242816309,91.5552274481808,37.6256163438421
"275",69,2,218,6,153.44910946521,154.073558802599,153.485530114008,148.654491075527,126.677937711451
"276",69,3,218,6,175.935109660521,174.944125498056,173.254679889091,172.100530951909,161.006305278846
"277",69,4,218,6,187.666380810275,189.071304060952,187.522580849868,185.931364042302,177.869581207875
"278",69,5,218,6,208.061183691172,211.964887196177,210.851362210679,208.576136686519,208.122760726318
"279",69,6,218,6,218,218,218,218,218
"280",70,1,221,6,110.439942620228,113.495616238472,106.882092488967,99.8769328208948,56.3309105287474
"281",70,2,221,6,166.424325516127,161.149054012835,166.522926565178,163.985244598796,135.602028683366
"282",70,3,221,6,192.623187531502,190.455669641621,188.951331832243,191.882014403709,173.738206659068
"283",70,4,221,6,203.23660257451,202.416198878228,200.183077103636,202.438045799022,191.911840136178
"284",70,5,221,6,212.81098781936,212.375256608044,212.732076492167,210.443968604687,204.64114329549
"285",70,6,221,6,221,221,221,221,221
"286",71,1,182,3,118.103277952619,109.503990291579,108.797872316605,102.766268036632,70.4398457031415
"287",71,2,182,3,165.316811978323,166.306534933632,168.655210322614,164.457463772611,160.893700073598
"288",71,3,182,3,182,182,182,182,182
"289",72,1,187,3,103.794187715287,117.158529619088,110.867410687848,112.094292091973,57.3705629805342
"290",72,2,187,3,162.84206266073,163.562977353482,159.941507570168,158.456666384624,139.05161694169
"291",72,3,187,3,187,187,187,187,187
"292",73,1,201,6,91.8698378180206,92.9120791241332,87.7093636768948,82.0511654778962,24.875174730132
"293",73,2,201,6,143.885130485248,141.884928753452,143.992370314095,135.970562655813,112.705718976914
"294",73,3,201,6,165.3830187887,168.401963457727,162.342912649533,159.052586567232,154.355792939932
"295",73,4,201,6,179.005447901501,182.330132219172,178.443224051815,168.485281327906,176.59668374021
"296",73,5,201,6,191.643444615469,191.494946299548,190.685996711546,184.995406018597,186.790495336029
"297",73,6,201,6,201,201,201,201,201
"298",74,1,171,3,116.206507811454,108.144040195942,109.686166184161,106.121717445879,72.6002277017427
"299",74,2,171,3,153.656040385739,150.734387143876,150.660131479242,149.445721040934,138.217330433035
"300",74,3,171,3,171,171,171,171,171
"301",75,1,184,4,101.070634043226,100.216601627876,96.5080426672791,95.5111381669062,46.0906366247872
"302",75,2,184,4,150.735628135374,148.179367343047,149.572088885209,146.827319721425,134.613829519625
"303",75,3,184,4,174.651971764471,173.510041544781,173.622573359265,173.726000537597,170.520312050494
"304",75,4,184,4,184,184,184,184,184
"305",76,1,198,4,112.832252188007,113.660457127262,107.918976344912,112.408134622568,76.2298116410667
"306",76,2,198,4,158.872973001601,154.03593492399,155.516236959259,159.062337374544,145.964559229885
"307",76,3,198,4,186.94128642603,185.46325016242,189.258098278486,188.300911548252,187.526111509613
"308",76,4,198,4,198,198,198,198,198
"309",77,1,193,4,109.781513546881,115.079458316236,107.905025709378,105.332575604886,56.8780327436062
"310",77,2,193,4,151.65351615085,155.072987829572,145.682085596617,145.617369541037,125.27519604032
"311",77,3,193,4,180.457789568891,182.414308125989,180.603798873296,183.689699649632,177.300324342367
"312",77,4,193,4,193,193,193,193,193
"313",78,1,184,4,99.4807190937533,102.665319726051,101.502534093912,90.8100265340889,50.272674566164
"314",78,2,184,4,147.482724151007,145.092498467772,151.659339033653,144.488679530987,131.569245234107
"315",78,3,184,4,173.823798796361,174.697298804503,179.158494335682,173.722823037338,167.670990642566
"316",78,4,184,4,184,184,184,184,184
"317",79,1,200,6,105.102904573628,100.38224953036,97.2120136390904,87.6633990355791,49.135393317946
"318",79,2,200,6,151.469413563178,149.640373572297,144.690699774483,143.751732038177,126.343674804897
"319",79,3,200,6,171.938803860861,169.872708655151,163.325362127864,166.604393352089,161.927743769246
"320",79,4,200,6,181.765542641339,182.076634025919,181.960024481245,178.37849743644,176.699706472294
"321",79,5,200,6,192.301791522964,193.97177440776,192.782763726998,193.042659928502,193.552879801472
"322",79,6,200,6,200,200,200,200,200
"323",80,1,176,3,104.585058341757,103.33161359549,99.5297166344862,96.6388086460516,52.6184883825866
"324",80,2,176,3,147.322851829094,147.345699695895,148.606455918372,145.01809809542,130.417648971616
"325",80,3,176,3,176,176,176,176,176
"326",81,1,190,6,91.6423506209712,95.6671991336777,88.0925661975911,94.1918138324931,36.0509530534975
"327",81,2,190,6,137.123683645663,137.6284058299,131.861337154288,143.785963086649,103.160509956684
"328",81,3,190,6,155.628668746378,158.744874260416,147.836523993744,163.481504039811,143.883925503628
"329",81,4,190,6,171.217291909365,179.530473829571,171.946418379709,175.168489198064,165.98182950499
"330",81,5,190,6,182.795917407978,185.757843498867,183.85425144591,185.787666916996,178.249602412851
"331",81,6,190,6,190,190,190,190,190
"332",82,1,167,3,105.061139395111,106.863281979443,102.014601112432,102.086902179843,57.2954744629501
"333",82,2,167,3,147.542018257688,147.535111938202,146.098638631036,145.205315847768,137.618759140176
"334",82,3,167,3,167,167,167,167,167
"335",83,1,161,3,90.6313161360424,84.4364635059112,86.4249332852686,79.6866538226586,29.611168587686
"336",83,2,161,3,136.699455991119,135.717483124153,138.711465671212,138.34589560691,124.066761984787
"337",83,3,161,3,161,161,161,161,161
"338",84,1,168,3,96.1534112565265,99.9353068244276,94.5404816502516,96.0646176284941,48.4239525271006
"339",84,2,168,3,141.816867512833,140.174399107124,141.284925949211,144.211735220207,124.317790005794
"340",84,3,168,3,168,168,168,168,168
"341",85,1,165,3,95.0687434141394,96.1687354326149,91.3094255058419,84.0258756146468,43.8176925755864
"342",85,2,165,3,144.58291036748,147.440044284456,142.775246004305,145.980001525524,138.880056527711
"343",85,3,165,3,165,165,165,165,165
"344",86,1,208,6,96.3922480631652,101.685032673067,92.8163611570192,90.6403282784235,38.5814173672253
"345",86,2,208,6,151.607228931795,149.724428618842,147.871848391462,149.183207780034,134.891689533055
"346",86,3,208,6,179.465949981339,177.109850199579,176.653736501852,175.398121075199,168.473098284117
"347",86,4,208,6,189.526622473886,191.586537802167,184.767059967985,185.938868936936,180.892962750679
"348",86,5,208,6,201.235262425415,201.268552784301,199.886676533867,196.969434468468,201.626291043295
"349",86,6,208,6,208,208,208,208,208
"350",87,1,179,4,105.269921044117,98.1865266345446,90.6970500790634,97.3141279674845,46.166555741936
"351",87,2,179,4,143.183066614507,137.85263809965,138.054352269113,143.738594431686,128.552055942394
"352",87,3,179,4,167.653067979121,164.472255379553,164.805587240303,169.393788733232,161.464420649256
"353",87,4,179,4,179,179,179,179,179
"354",88,1,166,2,113.618585415172,113.842715040468,110.188094744955,110.490839854941,70.8223920397667
"355",88,2,166,2,166,166,166,166,166
"356",89,1,211,6,113.827673435916,109.940659379672,107.179560605716,98.0191084244017,53.255047424766
"357",89,2,211,6,166.946591125263,168.279049306817,165.705628956598,163.604385649273,144.919407224636
"358",89,3,211,6,184.329547550708,186.276098736928,178.735335292992,182.300904884026,168.127783676605
"359",89,4,211,6,195.094733371726,196.758584741121,193.064937686943,193.569502060939,183.467656295483
"360",89,5,211,6,203.543699481195,203.681540701457,202.194955850666,203.909608980622,197.233828147741
"361",89,6,211,6,211,211,211,211,211
"362",90,1,205,4,120.789570249399,120.026144448718,114.146291694572,110.289697736112,81.2333488751749
"363",90,2,205,4,167.760466182404,165.221537068504,160.89636757748,160.767981382971,146.848812178867
"364",90,3,205,4,192.264429681132,189.878595998056,187.484598830471,189.636913152996,182.775631600645
"365",90,4,205,4,205,205,205,205,205
"366",91,1,157,4,87.6264808858403,85.4004788938664,83.6383599079402,88.2658806390148,29.9672658447294
"367",91,2,157,4,121.550198050561,118.306794745834,118.68157473333,120.103790532055,101.179974081687
"368",91,3,157,4,150.009254331908,151.524828143202,149.798406994392,151.3837918768,148.711520838597
"369",91,4,157,4,157,157,157,157,157
"370",92,1,170,3,114.85386386929,114.438793905277,109.026749312329,110.572673976059,54.0852987693267
"371",92,2,170,3,150.794210486838,149.279965324798,150.963257395294,144.619545879558,134.110312088377
"372",92,3,170,3,170,170,170,170,170
"373",93,1,192,4,112.71950212121,108.779454739741,108.555077957399,100.795142782282,62.6516141700705
"374",93,2,192,4,155.626514041135,153.161234147683,154.343222194854,148.759332234971,135.468955602717
"375",93,3,192,4,179.362705150066,179.301262280475,181.008749276171,175.64843723152,176.571442665394
"376",93,4,192,4,192,192,192,192,192
"377",94,1,169,3,103.532636060615,90.4321346843264,92.6795831360758,94.9064439409569,45.4317716281336
"378",94,2,169,3,152.635927041653,150.471192887305,152.203367504441,149.983003670521,138.527891634318
"379",94,3,169,3,169,169,169,169,169
"380",95,1,221,6,94.7694727522231,94.5449203210198,95.9822360946421,90.6020558030111,40.6388067724713
"381",95,2,221,6,163.159696390989,155.544182973857,156.654959364992,159.703906910839,137.630006407311
"382",95,3,221,6,189.35105638616,186.42805682919,191.399208998735,190.102018288545,181.128316743666
"383",95,4,221,6,203.051552742829,201.025036743015,201.966908890236,203.389002627671,197.56551837608
"384",95,5,221,6,214.726503644604,214.085517228396,213.235378339483,213.009316887101,212.114735680313
"385",95,6,221,6,221,221,221,221,221
"386",96,1,192,6,87.3408631476799,86.7513428339817,91.1827277827296,81.2625041549704,51.9518378929547
"387",96,2,192,6,144.128737946999,136.219252988096,137.809790118656,138.001281718296,116.161556450875
"388",96,3,192,6,166.107906909027,159.826039357333,162.540250179487,162.7110978054,151.17765715677
"389",96,4,192,6,175.765410087944,172.972146442799,174.758366083121,174.182276482332,169.845331865531
"390",96,5,192,6,184.498788333128,182.921934858223,181.971544323876,184.372296700215,185.009772432049
"391",96,6,192,6,192,192,192,192,192
"392",97,1,218,6,104.941008278892,105.468590192204,98.3443016109474,94.1178662096403,49.5088746889164
"393",97,2,218,6,161.308118150991,155.143849846665,151.643278627559,154.007401334856,152.845592179063
"394",97,3,218,6,189.603562378756,183.777076663798,181.708207116639,184.381570006531,179.365889450336
"395",97,4,218,6,204.036455671049,197.557103831054,196.283769920696,198.980284194416,192.034045370664
"396",97,5,218,6,208.072435761736,206.695506107724,205.592948391846,205.945713954661,203.442915713634
"397",97,6,218,6,218,218,218,218,218
"398",98,1,184,3,108.267343405049,103.115460828189,119.266917696702,108.494839223983,62.1247630387005
"399",98,2,184,3,160.436349059709,158.556999061341,163.200814679364,157.90661869523,153.414032745403
"400",98,3,184,3,184,184,184,184,184
"401",99,1,159,2,114.718982099137,112.161102408677,113.297726691758,109.11850130662,70.9165789974166
"402",99,2,159,2,159,159,159,159,159
"403",100,1,202,6,96.9809307606666,94.7311473075711,93.5067709168779,94.814808650343,28.089039722593
"404",100,2,202,6,144.31657514735,140.548355605475,138.83955006266,137.895696290739,109.153289628402
"405",100,3,202,6,172.795665695494,170.747975596059,166.774981063367,171.038081669187,164.427838623636
"406",100,4,202,6,189.152685918864,189.49469749461,189.458382435373,185.959879567397,184.85144044242
"407",100,5,202,6,198.438498452782,198.523808890828,198.355206032038,199.225260421949,199.698890712971
"408",100,6,202,6,202,202,202,202,202
"409",101,1,212,6,98.1623947593633,93.9084789529753,90.7559430701647,92.6267518381497,29.9755543128007
"410",101,2,212,6,151.542395316523,146.820788503413,143.816148815581,148.234398270475,117.266775038194
"411",101,3,212,6,183.244030556128,177.636326783676,180.556174749545,184.057413446104,171.052592248885
"412",101,4,212,6,195.894981122729,192.037120691807,190.305134072259,196.21645790294,188.191874365372
"413",101,5,212,6,206.903631286486,206.122246438936,205.075687183114,207.211700521148,204.284112622023
"414",101,6,212,6,212,212,212,212,212
"415",102,1,205,4,114.012413570906,114.022213568372,110.388857013543,113.24724470336,71.7476206463326
"416",102,2,205,4,158.23367170347,156.691065138962,157.516733695638,156.708867772591,134.159164218497
"417",102,3,205,4,191.699784553815,190.102724639517,190.028208171537,194.149901660879,186.217947255325
"418",102,4,205,4,205,205,205,205,205
"419",103,1,190,3,114.843012744345,113.123392574416,111.715098661979,106.324670323153,60.1343852984497
"420",103,2,190,3,163.506083941856,161.10555263257,164.228783815468,157.839736566268,151.44877006446
"421",103,3,190,3,190,190,190,190,190
"422",104,1,208,6,101.863500026983,110.626636084003,95.2975838908648,96.1275952696639,41.0639912820699
"423",104,2,208,6,153.255196390777,158.232667389082,148.213871575326,153.649384929564,135.521107424754
"424",104,3,208,6,178.543088204309,183.571132581856,175.758257620464,180.88647897439,172.067097844156
"425",104,4,208,6,195.451981026401,196.291310310989,194.140568073624,197.45994780264,190.186820987967
"426",104,5,208,6,203.337336473093,203.444596512046,204.417965503112,203.796336422978,201.287013741078
"427",104,6,208,6,208,208,208,208,208
"428",105,1,201,6,81.9133782447071,81.1166464653698,74.9346623129152,73.4843224904116,29.1187855129642
"429",105,2,201,6,141.779342236429,144.171559398501,136.293139525703,141.12915021617,109.115713492261
"430",105,3,201,6,168.600719890876,169.464695712338,163.198634272,168.69572074223,151.261418041169
"431",105,4,201,6,184.307100322786,186.443312403578,183.153088696111,184.357858436697,179.959977424018
"432",105,5,201,6,193.40456348724,195.45384778983,194.040968786934,194.067779715368,193.717264400134
"433",105,6,201,6,201,201,201,201,201
"434",106,1,201,5,106.644119153671,105.295513488061,103.594871284768,96.7545329945305,52.1416325053988
"435",106,2,201,5,154.795932720996,152.464351639496,152.823915897123,147.46464464964,130.139806484823
"436",106,3,201,5,184.834952902736,184.482381983052,182.007826254225,183.636915629816,172.226622452981
"437",106,4,201,5,193.286050735377,194.462873696967,192.540114363124,191.717268914817,187.805813627244
"438",106,5,201,5,201,201,201,201,201
"439",107,1,167,3,86.0082659403375,88.1101441884305,88.6428868539241,90.0923043272658,34.8977462265257
"440",107,2,167,3,152.263242706965,144.128628767076,149.546774610596,142.095605293396,129.848175775985
"441",107,3,167,3,167,167,167,167,167
"442",108,1,194,4,107.999010105994,104.1986575138,100.879478096051,102.172976423737,60.499935369925
"443",108,2,194,4,158.25391108633,153.625296436558,151.922794441626,155.106601659883,138.135567121874
"444",108,3,194,4,181.863170127328,180.043971707352,181.459842103779,184.348796209817,178.71421467605
"445",108,4,194,4,194,194,194,194,194
"446",109,1,202,6,96.6817549642818,95.0832074564008,91.3756784682162,89.4848722807603,28.2222015506105
"447",109,2,202,6,147.240503780844,145.80799665664,140.938835161341,145.875216166689,113.160628390303
"448",109,3,202,6,174.83175684417,171.719736646292,169.421352581705,169.526964366201,160.834549920727
"449",109,4,202,6,190.032650356409,187.396093836577,186.192403739424,188.583821943057,179.52496732172
"450",109,5,202,6,194.35420377501,194.698046918288,192.925055243448,197.30217561894,191.590583778844
"451",109,6,202,6,202,202,202,202,202
"452",110,1,202,6,88.1043083419928,85.9064652296409,82.032143806921,80.5972290256118,17.005041377833
"453",110,2,202,6,137.013503228604,134.344962245881,131.263316752494,129.613611072449,107.880337437547
"454",110,3,202,6,164.14765098604,161.137045448543,160.480800172389,156.889519421275,146.856441247678
"455",110,4,202,6,179.581773420338,183.118814470411,181.55712175133,178.851089755031,175.946984629318
"456",110,5,202,6,191.44088811701,196.510736740858,192.117775952371,192.599592247317,194.534120055686
"457",110,6,202,6,202,202,202,202,202
"458",111,1,178,4,109.579064822835,108.650752805753,105.016094776838,112.354566193611,67.2745545758584
"459",111,2,178,4,151.415594402567,147.416328588466,147.415400183667,155.355958884968,134.778581878789
"460",111,3,178,4,172.910189954449,170.316893836415,171.856314447632,170.057112470094,168.24253207483
"461",111,4,178,4,178,178,178,178,178
"462",112,1,212,7,94.9582425077763,99.3725969587906,93.7470848144648,92.9784032002813,39.8135333390319
"463",112,2,212,7,151.753254779026,150.869532506416,153.46199891436,148.331543707026,131.940525953966
"464",112,3,212,7,181.333290206017,177.870794300762,178.049610173206,179.184198683417,182.077578448403
"465",112,4,212,7,191.827497716254,194.373910200845,193.489486317195,194.083049128415,198.889281640857
"466",112,5,212,7,199.140733907032,200.767700424971,199.415717941734,200.435218574453,205.703380042717
"467",112,6,212,7,204.686763809222,205.217389557568,203.878311947896,206.78738802049,208.518436528339
"468",112,7,212,7,212,212,212,212,212
"469",113,1,201,6,89.2454188576757,81.3072519337937,77.3686839938321,74.6137174000756,27.218453466907
"470",113,2,201,6,131.026578734367,125.731768203281,124.343281926178,118.663348769881,93.9942980848802
"471",113,3,201,6,163.092616786945,165.066603315936,159.234119780923,157.218626525104,153.582083755406
"472",113,4,201,6,187.311825673893,184.042713801267,185.950649347879,183.41160864752,184.417633636145
"473",113,5,201,6,193.969083571098,194.111882262143,194.186134090269,193.12152992619,194.342466578856
"474",113,6,201,6,201,201,201,201,201
"475",114,1,182,3,112.497303942734,112.504406957346,110.469420562781,107.543897508257,65.0361401620463
"476",114,2,182,3,158.66326124025,163.502999541215,162.953214068489,157.636153456893,147.159281823315
"477",114,3,182,3,182,182,182,182,182
"478",115,1,179,4,100.105663852959,97.8553644597946,98.061201451217,94.337833618227,44.8490114611573
"479",115,2,179,4,143.979665486406,144.519604717967,143.721504919413,140.866754659768,130.344111839146
"480",115,3,179,4,168.884566775678,172.18857695747,169.953876277596,167.46336236721,167.889079642162
"481",115,4,179,4,179,179,179,179,179
"482",116,1,168,3,108.368169175448,109.260388591708,108.713062099149,103.348957002599,61.9757102167166
"483",116,2,168,3,151.759553881033,149.613201383761,150.911049231893,148.650093761839,139.813179320489
"484",116,3,168,3,168,168,168,168,168
"485",117,1,153,2,105.63083434504,108.27411987607,103.836096564221,100.27796498107,63.2176086085978
"486",117,2,153,2,153,153,153,153,153
"487",118,1,163,3,85.7593352381816,86.7820141054618,82.462686351876,76.535589090243,23.4492416566372
"488",118,2,163,3,139.645310890434,145.331386601445,145.20143059304,147.441541687805,128.565167120443
"489",118,3,163,3,163,163,163,163,163
"490",119,1,198,4,103.793378496778,105.999411836179,97.8982372493012,104.792162386176,54.9865747183503
"491",119,2,198,4,159.477624563107,156.711765541024,159.04209943973,146.006897771831,130.096897504076
"492",119,3,198,4,182.46995484402,182.600342620865,182.405066931842,177.242495930227,173.752549358502
"493",119,4,198,4,198,198,198,198,198
"494",120,1,183,3,118.640167258499,124.20956438926,112.411279823683,107.421435990382,67.5287442052516
"495",120,2,183,3,162.876251956982,169.693194348934,162.745168876335,159.72997263906,156.779514115272
"496",120,3,183,3,183,183,183,183,183
"497",121,1,177,3,118.096005898145,116.12108459393,116.808226583822,112.181110985674,71.145598994506
"498",121,2,177,3,161.673027516645,161.851667728992,163.715666249421,160.739068320877,153.746675654259
"499",121,3,177,3,177,177,177,177,177
"500",122,1,199,6,96.3714337927906,88.0665985599947,85.7201617306001,81.311828547287,36.8349215343245
"501",122,2,199,6,142.395426909313,140.899854525565,143.294622298098,123.144078155111,113.51779174179
"502",122,3,199,6,177.562488205546,173.280416977504,165.358751089035,167.113549178505,161.738983681543
"503",122,4,199,6,189.464695601158,187.480807417324,185.778883038465,186.718696064398,181.498497353584
"504",122,5,199,6,193.922149748571,193.56504963745,192.060642150931,193.50051445687,194.276844658072
"505",122,6,199,6,199,199,199,199,199
"506",123,1,174,3,102.122211870778,108.054907101963,96.827841994314,107.519819434693,53.8715636675537
"507",123,2,174,3,154.246708930474,158.848044873592,153.981251401237,154.014073762715,153.464764296985
"508",123,3,174,3,174,174,174,174,174
"509",124,1,178,3,110.978174149167,112.275870248373,104.69956186569,100.417506506924,48.5728500351915
"510",124,2,178,3,149.252139439187,148.43862707771,146.138875955901,145.514254530302,125.642217595037
"511",124,3,178,3,178,178,178,178,178
"512",125,1,213,6,103.717482191189,99.7753544511221,100.608080302105,97.949503660902,46.7118428738586
"513",125,2,213,6,149.051706455486,144.718337838247,146.952676455401,150.316697524529,122.531472364846
"514",125,3,213,6,174.563053081759,171.439919530585,179.144801754202,174.195921303409,161.949392983802
"515",125,4,213,6,195.738145224714,192.602429519429,200.079279782382,196.143757279932,193.666952110599
"516",125,5,213,6,207.311531011751,206.661681220474,205.896345761441,206.503266442322,205.783591075532
"517",125,6,213,6,213,213,213,213,213
"518",126,1,155,2,112.200463580619,116.040755426982,111.923625873671,109.116227835733,79.5613527551068
"519",126,2,155,2,155,155,155,155,155
"520",127,1,216,6,99.6574301668739,105.107114562003,87.81236037304,95.386492384278,21.0500200134425
"521",127,2,216,6,165.317319458187,170.991345471265,166.196525479775,165.403845979101,153.018435148874
"522",127,3,216,6,193.040756283236,194.878286877627,194.001723426319,194.233691304468,183.79102585411
"523",127,4,216,6,201.273905602681,200.969766630217,200.130221161351,202.20233114271,194.780974189532
"524",127,5,216,6,207.41880983224,208.128974082033,206.66013927067,208.566262866557,202.727439083445
"525",127,6,216,6,216,216,216,216,216
"526",128,1,178,3,110.552887447946,109.843457334862,110.800479771863,106.578496677343,71.9374724772294
"527",128,2,178,3,152.141867360541,149.65278086534,152.87373697784,149.124623672389,140.526155571972
"528",128,3,178,3,178,178,178,178,178
"529",129,1,185,3,119.264330700473,117.367766617086,114.446199101321,115.925748942547,73.7124030591516
"530",129,2,185,3,165.205765934035,164.013327257184,165.51321034073,164.681572696428,156.633537802075
"531",129,3,185,3,185,185,185,185,185
"532",130,1,182,3,110.35667323836,111.082428875026,104.840368455766,105.174895614217,71.8248004608403
"533",130,2,182,3,155.256674064236,156.417844996587,163.364258988884,153.630054970052,146.095895185032
"534",130,3,182,3,182,182,182,182,182
"535",131,1,217,6,105.924765452903,108.326273449163,97.2088083725571,94.6889189168276,58.4787529986848
"536",131,2,217,6,165.902866307262,161.661218794778,171.729387046661,156.960974521736,156.092085910831
"537",131,3,217,6,193.071499509289,188.446815749955,194.814785957994,185.61549510569,176.126316500137
"538",131,4,217,6,208.981982046299,204.871691382035,208.236605641169,203.196004153329,202.128170345046
"539",131,5,217,6,213.634313918293,213.849798563139,214.176944631578,213.262005372754,211.553292924391
"540",131,6,217,6,217,217,217,217,217
"541",132,1,181,3,109.141060988754,122.492487396517,105.886744875476,103.077531649987,54.9748387985076
"542",132,2,181,3,150.565167091364,152.984076847501,153.453516124568,149.241021327381,147.983194793821
"543",132,3,181,3,181,181,181,181,181
"544",133,1,178,4,80.2234831317908,80.1235311978381,74.983411951509,73.0214577522342,15.1364801807534
"545",133,2,178,4,138.329034475732,141.151393155112,135.971090115337,130.929051011634,118.495550255825
"546",133,3,178,4,165.818530954227,167.050005092438,163.673671900176,164.088718760078,159.98219972549
"547",133,4,178,4,178,178,178,178,178
"548",134,1,217,9,96.770079567115,99.4770286772057,89.7519472160766,94.75206341291,37.3113274231436
"549",134,2,217,9,149.143845953856,150.877305377845,145.296826323189,149.03998191866,120.413167975024
"550",134,3,217,9,180.448973207275,182.434390032382,174.990266837396,182.096916076114,166.841023175741
"551",134,4,217,9,197.593211862887,197.323193368192,191.585645131197,197.528127378379,189.462958060792
"552",134,5,217,9,202.303499554572,205.465311408328,199.908563075268,206.149400304777,195.999811651473
"553",134,6,217,9,207.359174773032,211.226246402931,204.095250844475,211.165411738067,201.249858738605
"554",134,7,217,9,212.069462464716,213.415406829235,209.660682005303,212.576161678251,209.716922084611
"555",134,8,217,9,214.36203746897,216.398294937384,213.157998078699,214.788080839126,213.680162668193
"556",134,9,217,9,217,217,217,217,217
"557",135,1,207,6,99.7030008498429,97.6327235251914,93.4497209592002,94.537901300867,40.3338752214108
"558",135,2,207,6,144.868237906884,142.150246429821,139.310584931388,141.091134510801,117.598095214281
"559",135,3,207,6,178.453037238088,172.387726697723,166.123315604059,172.885876187026,167.248546898084
"560",135,4,207,6,191.261168884699,189.365167374378,189.639253974891,189.027672297196,188.657644629432
"561",135,5,207,6,202.706896092976,203.962600944912,202.898505184445,202.933333326501,201.908128996737
"562",135,6,207,6,207,207,207,207,207
"563",136,1,189,5,99.6339385909448,105.389656123923,92.8196478748313,96.2267273928886,35.6869071290661
"564",136,2,189,5,144.401338147325,152.510124576487,140.887500389587,142.808184237304,114.083949680337
"565",136,3,189,5,167.905195450002,173.822364959312,167.922244322921,168.485654625717,167.438011398147
"566",136,4,189,5,180.614716318076,182.926903810736,179.410777565638,183.072055277119,181.279814467608
"567",136,5,189,5,189,189,189,189,189
"568",137,1,172,3,98.9608997769222,96.6039572494576,94.9569163599488,93.7642091332106,50.1792016223561
"569",137,2,172,3,147.007989108894,147.098292909143,142.043440308889,149.985967331641,129.153421791378
"570",137,3,172,3,172,172,172,172,172
"571",138,1,188,5,92.853835086302,92.8003537928961,90.246625959013,94.615960667716,25.9927047917794
"572",138,2,188,5,141.131254524935,139.824640178892,141.821851283019,147.759245451113,115.490050542964
"573",138,3,188,5,166.902250252006,168.361159890932,168.965043599458,174.889036230257,158.1643414111
"574",138,4,188,5,181.196882613409,182.326214648118,182.42488313163,183.099922279036,179.369545979147
"575",138,5,188,5,188,188,188,188,188
"576",139,1,201,7,103.561871186014,106.410789653366,99.7317827198629,90.8335659058984,44.3213728601484
"577",139,2,201,7,135.322746274755,136.028427776452,131.461507120826,129.179233715135,93.7989357338502
"578",139,3,201,7,147.254272252341,149.472021239496,146.831168752628,142.401410088667,117.598727549199
"579",139,4,201,7,177.244669741872,176.393985252575,175.08002873462,170.469285946933,167.076290422901
"580",139,5,201,7,184.927049481353,183.996951477271,189.057344598835,183.691462320465,177.690199802879
"581",139,6,201,7,195.796288899413,195.194149848642,195.724845183211,196.913638693997,195.938041119125
"582",139,7,201,7,201,201,201,201,201
"583",140,1,201,5,100.191913447381,99.9368041784495,97.1854237765695,93.6710946738453,15.0198104888957
"584",140,2,201,5,150.534860436546,148.572429894721,152.335331277975,147.477181046043,114.803188652522
"585",140,3,201,5,175.736882074701,171.707939660451,173.542784724458,175.646165043314,161.485212629547
"586",140,4,201,5,192.948377050907,195.66705565564,192.988394687158,184.288938851859,187.973763887723
"587",140,5,201,5,201,201,201,201,201
"588",141,1,178,3,102.746368585857,101.130446826303,101.635045498072,98.3284498528952,45.5556477046047
"589",141,2,178,3,153.074526289778,154.029500045262,158.885624591988,147.778996376948,138.246211906614
"590",141,3,178,3,178,178,178,178,178
"591",142,1,191,5,96.9827602559251,97.4159414387413,88.686390923564,88.649494499731,41.35280335908
"592",142,2,191,5,142.258860734687,142.87411296523,137.089510079475,138.786038897489,115.21460830335
"593",142,3,191,5,168.343064925771,170.638508087167,164.884576811036,166.52557653403,167.900964496241
"594",142,4,191,5,182.912131344248,185.004089126818,182.150487345952,181.375058654078,180.043394813159
"595",142,5,191,5,191,191,191,191,191
"596",143,1,192,5,125.565695131583,131.415443129802,NA,NA,NA
"597",143,2,192,5,167.7605399265,174.719260995428,NA,NA,NA
"598",143,3,192,5,180.32133699946,184.2687077052,NA,NA,NA
"599",143,4,192,5,186.955324528028,188.940103357611,NA,NA,NA
"600",143,5,192,5,192,192,NA,NA,NA
"601",144,1,192,4,91.6459512501411,96.0749792494597,90.8836930292642,86.3927738880867,31.4492744173257
"602",144,2,192,4,150.151725414946,152.3100742091,149.723849552509,147.790260375689,129.516395549995
"603",144,3,192,4,176.974325893705,176.872276446204,175.08580940317,177.650251900103,168.935135531632
"604",144,4,192,4,192,192,192,192,192
"605",145,1,188,4,103.813055537712,106.061527220672,108.755449046954,97.7034146027449,62.6813591036279
"606",145,2,188,4,155.882571580967,156.820624320919,153.980973377848,156.116371520889,132.871858269565
"607",145,3,188,4,182.55316459173,179.584171760902,176.446621416513,182.389004249831,175.966488283106
"608",145,4,188,4,188,188,188,188,188
"609",146,1,165,3,109.453296179822,105.934130532994,102.239663462898,97.2804779981715,70.0113301340062
"610",146,2,165,3,144.188800620483,142.160122239543,143.962491820303,143.00620211807,131.752978344158
"611",146,3,165,3,165,165,165,165,165
"612",147,1,195,6,79.1744109090969,74.9080866293068,78.9293415029819,78.6809566432652,-1.89022749033242
"613",147,2,195,6,117.059873131299,110.63952949748,112.795698806074,112.966355167802,62.633749954176
"614",147,3,195,6,150.107663483635,146.711468301526,147.764010481961,149.5802585909,120.839654045307
"615",147,4,195,6,170.370178179896,170.185057478268,168.039597187244,172.999300922151,153.773264722929
"616",147,5,195,6,186.4861169877,186.848727937548,185.743957022671,190.208996857239,184.179646059199
"617",147,6,195,6,195,195,195,195,195
"618",148,1,211,6,114.755469611265,106.53410087489,103.037120759646,98.5430155775777,53.255047424766
"619",148,2,211,6,147.186495026428,142.277810011256,144.601405350458,142.048682619222,117.055646592157
"620",148,3,211,6,175.826202933043,172.931619988492,170.024171916315,173.055155515344,159.796426676861
"621",148,4,211,6,191.633759272261,191.309790817238,189.701652405493,188.437635729562,182.680805912173
"622",148,5,211,6,202.77507867788,202.502221656624,201.171581356558,202.257716675591,197.141257514411
"623",148,6,211,6,211,211,211,211,211
"624",149,1,170,3,117.25787440458,122.552544048,120.256324140626,111.991894322849,90.6022651660857
"625",149,2,170,3,158.558201224091,162.176955365396,158.469209203603,158.909961553962,154.00631616693
"626",149,3,170,3,170,170,170,170,170
"627",150,1,165,3,93.158896640186,91.1704593442397,89.3965080611775,88.283209259601,37.094100083246
"628",150,2,165,3,143.834257798905,142.935235895132,141.009941896289,146.138194496686,136.227961668833
"629",150,3,165,3,165,165,165,165,165
"630",151,1,223,6,92.1523680684811,95.0383996914998,86.6876140361054,91.2244715724485,24.8858068931502
"631",151,2,223,6,159.436502175253,156.597298691459,155.805742070558,160.649274741368,128.992156249076
"632",151,3,223,6,187.897245090871,182.189618753159,184.317641676522,185.925185273536,173.088470234434
"633",151,4,223,6,206.17480343176,206.343275657328,203.458873183603,207.767293045067,203.000594041293
"634",151,5,223,6,217.133197859562,215.031303618047,217.394177969082,217.836362780131,213.818615684791
"635",151,6,223,6,223,223,223,223,223
"636",152,1,180,3,106.94245465428,105.153191213145,105.136487469889,105.331454132371,58.4903986734085
"637",152,2,180,3,155.798599209917,157.107483604417,154.768188977284,158.595237232482,142.172816288594
"638",152,3,180,3,180,180,180,180,180
"639",153,1,163,2,113.643260942326,113.693057632945,113.72763036269,110.297870630529,77.3109020124288
"640",153,2,163,2,163,163,163,163,163
"641",154,1,191,4,105.501608082829,105.833469542774,99.745455522728,101.701197295037,50.9728009178954
"642",154,2,191,4,148.658760409779,153.590361671095,145.183574628153,146.710297982721,121.228200112368
"643",154,3,191,4,184.211548101656,182.089879720509,182.551279493757,182.86872137529,171.87278784113
"644",154,4,191,4,191,191,191,191,191
"645",155,1,185,6,80.728033457962,84.4772522479947,79.2062670429015,76.2556469244224,22.3674743863812
"646",155,2,185,6,142.922702914013,137.213427256623,133.447378883488,134.300854838857,97.0320927007799
"647",155,3,185,6,164.110485546192,161.48712797122,158.073272924602,162.607467066875,157.369752530009
"648",155,4,185,6,175.629977789003,173.73443109679,173.308975956127,174.900989309899,172.198250112229
"649",155,5,185,6,180.815072880158,180.770295267115,180.599132748769,182.619342985782,179.441887319948
"650",155,6,185,6,185,185,185,185,185
"651",156,1,178,3,96.4050651715507,98.3864336590775,95.5602646249249,90.8596627516009,46.1566061533807
"652",156,2,178,3,153.325797957916,156.57526191113,151.960659932716,149.002941823264,141.347802826807
"653",156,3,178,3,178,178,178,178,178
"654",157,1,210,6,99.3732608425293,97.4210565508783,88.9542680658596,90.8183818741987,29.7361845241623
"655",157,2,210,6,151.334450210887,148.022883614048,147.495826378208,146.422599746296,123.69004560173
"656",157,3,210,6,179.805253093166,176.964526841733,176.273398545449,178.051048375422,160.356601255015
"657",157,4,210,6,189.361718804836,187.85601687318,197.783020607488,187.844421443985,183.724318149091
"658",157,5,210,6,200.44353428833,200.191519160327,205.102835321277,198.922210721992,196.862159074546
"659",157,6,210,6,210,210,210,210,210
"660",158,1,187,4,88.5187127468836,88.6011799075028,85.9774246029038,84.5319252755143,29.2578693994103
"661",158,2,187,4,131.697503417235,132.383521820579,133.95410905566,131.526650295464,112.341815079946
"662",158,3,187,4,170.347427560388,170.612795366229,174.651846354289,177.12922711052,169.750375500052
"663",158,4,187,4,187,187,187,187,187
"664",159,1,186,3,115.386849912002,116.484261828192,112.021836992576,109.707296959341,71.4143566081486
"665",159,2,186,3,159.003293037013,159.010646000467,158.608602196181,159.379609357743,144.207054891832
"666",159,3,186,3,186,186,186,186,186
"667",160,1,194,3,115.304168745729,119.527379642107,111.106392709242,110.704697419663,62.6411864807113
"668",160,2,194,3,169.886639959158,172.854908288112,168.484887919103,170.578865846847,155.384347222128
"669",160,3,194,3,194,194,194,194,194
"670",161,1,154,2,115.488860671264,111.149576118199,112.654422790191,113.280957326921,81.9410680854427
"671",161,2,154,2,154,154,154,154,154
"672",162,1,178,3,107.637363865747,106.138881641864,104.339128233292,103.156351726991,55.1092769046807
"673",162,2,178,3,149.880339650376,148.808824548525,155.226475780139,144.892826285116,128.031220359354
"674",162,3,178,3,178,178,178,178,178
"675",163,1,176,3,114.691447638323,115.18641344557,112.667994092265,110.055199662745,79.5582856536009
"676",163,2,176,3,154.640028318132,155.281407079115,159.987987841609,156.521879910572,145.363917312904
"677",163,3,176,3,176,176,176,176,176
"678",164,1,178,3,111.272834691568,107.344781555169,108.832050380312,103.782206768095,51.0343319632476
"679",164,2,178,3,153.869740745233,149.634674519111,152.838099003493,144.878405662049,131.853377153056
"680",164,3,178,3,178,178,178,178,178
"681",165,1,186,4,107.497126622401,105.724157219338,101.841355789897,98.2935069774571,51.3943196714119
"682",165,2,186,4,151.521503637729,148.739656413109,144.882364138309,143.976833314527,130.80228893605
"683",165,3,186,4,173.720960862234,175.610387121147,172.609416695045,169.141086270171,170.873708885148
"684",165,4,186,4,186,186,186,186,186
"685",166,1,185,5,89.211573118283,94.8288269876943,82.8717588404645,85.3526039353859,25.9336009776885
"686",166,2,185,5,141.263558653375,147.109414743118,137.939419599998,134.07278316907,115.942589355677
"687",166,3,185,5,168.988075121506,166.813600339152,164.737874930766,166.367477906821,135.145683194396
"688",166,4,185,5,180.082485782145,178.914372568109,175.4571983876,178.399763948801,177.009799759415
"689",166,5,185,5,185,185,185,185,185
"690",167,1,188,3,104.249492145723,103.187992214022,98.2280223764426,98.5163441552642,50.24652892203
"691",167,2,188,3,164.192543200266,164.639603207729,162.880356154309,162.997754099951,158.612034462063
"692",167,3,188,3,188,188,188,188,188
"693",168,1,171,3,104.865787122152,100.342233910113,102.546717743995,99.3345761658073,52.7824051726051
"694",168,2,171,3,147.318330797524,143.776252697627,147.045422444073,143.514727381201,133.303592755311
"695",168,3,171,3,171,171,171,171,171
"696",169,1,158,2,120.234898023108,121.386263602082,118.371744668069,115.461394459969,95.259700166056
"697",169,2,158,2,158,158,158,158,158
"698",170,1,179,3,114.723300497485,114.388216802477,106.460390588426,105.205459294771,62.4110265541121
"699",170,2,179,3,154.259545909311,148.345505741472,155.158364132613,144.910426690325,142.959363402538
"700",170,3,179,3,179,179,179,179,179
"701",171,1,204,6,91.8680529821272,89.5231399814888,85.2974702187788,83.1172971979642,29.7439419684837
"702",171,2,204,6,150.148334607816,144.704420262714,144.333316337033,142.113101177469,132.020385530585
"703",171,3,204,6,177.725006872026,172.557077395642,172.493307425056,171.895464193105,175.176583953991
"704",171,4,204,6,185.823045240244,181.025478574546,179.161281776348,179.175582141977,182.438347828903
"705",171,5,204,6,196.562254306223,194.896049445555,193.699572115739,193.956448446437,195.330611240834
"706",171,6,204,6,204,204,204,204,204
"707",172,1,206,6,99.6398723784496,97.1113389082213,88.6607520342932,94.7307919378492,45.696385672258
"708",172,2,206,6,152.711422959536,153.020107868145,144.972520745393,150.139414641424,120.333664776754
"709",172,3,206,6,176.174477212153,172.055167491196,163.028588211144,172.129425104587,154.144109131574
"710",172,4,206,6,191.051067529513,187.433330320508,182.017721560927,186.64421967187,181.393097901625
"711",172,5,206,6,200.894213471034,199.459337755559,198.8297011813,201.598732821263,200.622529845847
"712",172,6,206,6,206,206,206,206,206
"713",173,1,196,4,115.755958518565,116.851463775721,109.630719697396,108.729504155821,83.9692029671737
"714",173,2,196,4,165.553117834466,156.938291365187,158.094942508615,155.397142503917,151.746356074809
"715",173,3,196,4,185.410150020643,183.082806648387,184.929476501622,186.583703655651,176.787028961556
"716",173,4,196,4,196,196,196,196,196
"717",174,1,182,3,117.062842007571,118.077165861209,115.353558623047,107.339686448884,76.8081434272961
"718",174,2,182,3,155.919353760613,156.890096193219,159.327852243655,151.15272533123,138.834672697192
"719",174,3,182,3,182,182,182,182,182
"720",175,1,196,6,93.3485701560388,92.1527181110038,87.5325876444333,87.2934185048163,31.4453072864207
"721",175,2,196,6,153.292168794963,151.688297898441,146.509579605216,148.505073447151,121.106349547906
"722",175,3,196,6,174.979778789958,173.435051505055,167.884399602059,170.88045141114,159.737160204569
"723",175,4,196,6,182.843796249752,182.802706880019,176.831383102345,182.159750238459,175.376328050268
"724",175,5,196,6,193.601123775053,193.473425226737,190.876966190962,194.231626146969,191.576267671844
"725",175,6,196,6,196,196,196,196,196
"726",176,1,173,3,106.686172607305,115.188201826736,107.840646183405,101.328614020768,59.8082951009008
"727",176,2,173,3,154.255800547988,159.888724376149,162.401099915906,154.21232973635,142.326993734525
"728",176,3,173,3,173,173,173,173,173
"729",177,1,195,5,95.7982677720605,92.8204681142518,89.7207821343828,89.3578633326356,28.4313847021773
"730",177,2,195,5,144.498411087189,146.602911517172,148.308043856591,147.76608064823,126.19940208274
"731",177,3,195,5,177.482460102535,175.038477679527,175.522377521704,177.546015001396,166.198346727145
"732",177,4,195,5,190.399631650362,189.746858639689,191.658861590013,190.409236694945,180.881599941394
"733",177,5,195,5,195,195,195,195,195
"734",178,1,174,3,98.5099261667089,100.373280082007,94.6430478110458,94.5890525549202,41.8399347527725
"735",178,2,174,3,142.463929552965,145.181146248188,142.997769810524,141.436569222141,120.842611239022
"736",178,3,174,3,174,174,174,174,174
"737",179,1,195,4,112.620275823172,115.148498601618,113.346675992472,109.549730509984,72.0925345071225
"738",179,2,195,4,160.032880008092,162.619059319819,158.979742940578,160.069416638524,142.911760523312
"739",179,3,195,4,182.476110183932,186.541686832027,182.980388235725,182.935753163674,175.006570299203
"740",179,4,195,4,195,195,195,195,195
"741",180,1,166,3,93.7294968873086,91.4257635540266,90.1121837845532,87.7026868501633,39.4336547164029
"742",180,2,166,3,151.571486212231,153.633375967779,152.68404412497,152.82067013855,146.435934556736
"743",180,3,166,3,166,166,166,166,166
"744",181,1,181,3,105.545082695952,106.366424344945,102.285465755638,103.840795888569,59.3114664113853
"745",181,2,181,3,142.472886339911,139.780751469664,137.388280584284,138.291373781384,131.136811350775
"746",181,3,181,3,181,181,181,181,181
"747",182,1,204,6,89.2177956879282,90.927976310666,84.392948244397,81.2958543977016,31.0304076509022
"748",182,2,204,6,134.573908314364,135.917979733808,134.720653993291,130.158417047419,107.131018258992
"749",182,3,204,6,166.515175733934,167.612337561352,164.325930618371,165.096323096416,162.154011765616
"750",182,4,204,6,183.169759080566,185.362481715464,183.273957979777,184.252951664598,179.345384833713
"751",182,5,204,6,197.016584128086,198.896933363653,200.44577713057,198.768028032539,197.617661342911
"752",182,6,204,6,204,204,204,204,204
"753",183,1,185,4,95.4897525319015,93.3241997715269,95.0226827672909,94.2993936305222,39.4589610641533
"754",183,2,185,4,136.528471150405,135.297856732204,129.081882829253,129.108665781595,110.272875038364
"755",183,3,185,4,168.09643376882,165.961182100881,166.672743746082,166.305278816796,156.875106026881
"756",183,4,185,4,185,185,185,185,185
"757",184,1,181,4,112.345196505197,113.42678918779,109.251907098942,105.772729460789,76.597257367944
"758",184,2,181,4,153.935732408663,153.027634039049,154.472966180074,153.462855223707,142.298248444529
"759",184,3,181,4,170.018630032313,170.618843505042,172.901338390428,171.222198597121,162.235834542503
"760",184,4,181,4,181,181,181,181,181
"761",185,1,190,4,86.5228575358936,87.3164339796688,78.3660433078931,83.3899689128057,14.3174517323895
"762",185,2,190,4,142.521198979012,139.923886471833,135.884233038364,137.131577397771,115.120423825747
"763",185,3,190,4,172.840781470788,173.768833537942,171.955880613467,172.374626500128,164.929917157118
"764",185,4,190,4,190,190,190,190,190
"765",186,1,205,6,92.7405179295712,92.7328144301962,87.8745394184438,84.1097374508103,37.3904722006681
"766",186,2,205,6,143.476038640754,134.303490622537,137.769018034471,137.066975839022,125.48613388325
"767",186,3,205,6,175.750573049644,173.45426313407,169.788066806534,171.974550610135,170.828161736976
"768",186,4,205,6,190.260762148782,185.078631276417,185.650477065783,182.815907225117,184.733694128309
"769",186,5,205,6,198.152861818795,196.098023498562,195.668996799122,194.158643385018,196.12430688265
"770",186,6,205,6,205,205,205,205,205
"771",187,1,201,6,95.6810321296099,95.2594021729325,87.2945364407932,86.4683613129867,23.7789366799177
"772",187,2,201,6,142.014345668281,144.388167433976,135.279816511983,138.960631286008,124.718180137682
"773",187,3,201,6,166.467952896146,168.5935547001,169.065241193539,163.125935288756,158.256092529116
"774",187,4,201,6,184.450097694054,185.155772714448,185.495287065543,182.176648213538,183.624146609479
"775",187,5,201,6,196.885274694856,195.736380010015,196.245390781694,196.899630226195,195.375770171391
"776",187,6,201,6,201,201,201,201,201
"777",188,1,211,6,90.9963648506447,101.620851157166,93.6931390085635,88.925129173393,32.6259783225202
"778",188,2,211,6,140.144620177336,138.277748083846,134.585091104958,133.886668260397,107.2338766101
"779",188,3,211,6,172.086671932519,170.94955337476,169.225569398234,170.006447852414,161.098733037963
"780",188,4,211,6,191.785848069513,189.854678469393,190.995366332148,189.705816953743,186.242454583141
"781",188,5,211,6,203.874588011416,202.601025581478,202.836351931697,206.457932890076,203.408083105351
"782",188,6,211,6,211,211,211,211,211
"783",189,1,196,4,95.3113898514171,92.6906859393569,88.8396926568687,89.3260133135235,28.2286861315283
"784",189,2,196,4,157.992232509944,155.647623173367,152.345332144138,158.966133354576,127.859477004638
"785",189,3,196,4,183.602715082224,180.202943355731,184.752543637132,178.269577242185,169.351685224066
"786",189,4,196,4,196,196,196,196,196
"787",190,1,213,6,100.990256823981,109.360578970276,97.8982183215403,101.248629355946,55.6968800595163
"788",190,2,213,6,157.892903958488,159.305907421711,155.060160067139,159.212906238645,149.594281285345
"789",190,3,213,6,187.077598612458,185.865131851288,179.342559443275,191.108374799241,184.8581607397
"790",190,4,213,6,199.631521778107,199.364583905022,195.654160669239,203.753031060438,200.313417973962
"791",190,5,213,6,208.598415799215,206.789723225806,205.987663282572,208.77757411979,207.052881431383
"792",190,6,213,6,213,213,213,213,213
"793",191,1,192,6,90.2912744919001,86.1501110872903,NA,80.2521596791351,36.8808342902297
"794",191,2,192,6,137.770015516619,135.896043854959,NA,138.466526253561,111.784126680135
"795",191,3,192,6,167.179328263245,162.529071855245,NA,162.909000331594,155.661538793711
"796",191,4,192,6,173.262651778152,171.302127989828,NA,172.130339763367,165.558224890355
"797",191,5,192,6,188.216421902305,188.830072293873,NA,185.632623314401,187.274293949411
"798",191,6,192,6,192,192,NA,192,192
"799",192,1,199,6,94.9366900973295,93.9772910733362,89.8500263236616,90.597947657464,27.2649189059727
"800",192,2,199,6,140.420478590215,142.378269532166,153.87762614156,140.024889123849,110.67855645017
"801",192,3,199,6,170.360795956015,172.226356338514,170.984472148875,173.320126521701,153.908323081331
"802",192,4,199,6,187.072627256212,184.139981214131,188.402051625134,190.022754020489,173.873743394418
"803",192,5,199,6,191.217396794086,191.106168315754,194.322492750456,193.359112433921,190.66675284595
"804",192,6,199,6,199,199,199,199,199
"805",193,1,180,3,112.761257164227,108.901945104331,107.610879362339,105.497286870838,66.666851392988
"806",193,2,180,3,155.135361841761,155.721191816667,157.705930565891,155.897266141254,138.85430757638
"807",193,3,180,3,180,180,180,180,180
"808",194,1,186,4,122.162020752119,113.293841467326,112.953834348694,109.116343757095,70.3285740877669
"809",194,2,186,4,165.432363494576,158.489409724517,157.838348013573,163.769756818285,141.55250664497
"810",194,3,186,4,180.249874686637,180.395886782116,176.959777443968,180.524553470066,177.196686397813
"811",194,4,186,4,186,186,186,186,186
"812",195,1,206,6,102.406753942283,101.66642087937,93.5499009967336,97.0240078344264,32.1598498649493
"813",195,2,206,6,148.050245991913,146.018540556623,139.814788332222,144.408230252648,101.042092642487
"814",195,3,206,6,179.881482564518,176.464829005051,184.098436706474,171.801027682505,152.120621695001
"815",195,4,206,6,198.528293454508,193.314304696405,192.059370791395,195.995197114223,177.929363524903
"816",195,5,206,6,203.676763764677,202.438318593967,201.671337344012,204.995883554785,192.251838435436
"817",195,6,206,6,206,206,206,206,206
"818",196,1,177,3,106.948393444164,110.044189281611,104.349030082882,100.27348219374,56.7555832977297
"819",196,2,177,3,150.760298313221,157.401745923686,151.884631330866,146.010881179789,142.854992403844
"820",196,3,177,3,177,177,177,177,177
"821",197,1,157,3,97.8187621988742,97.4310602080236,95.0631707845104,96.5069317829046,46.0872374520806
"822",197,2,157,3,128.807382554025,130.901959398827,130.349629986359,128.607239929251,112.181657142636
"823",197,3,157,3,157,157,157,157,157
"824",198,1,193,5,92.4256930167442,90.4709952766049,85.134057049611,80.0852758663715,25.6325989219212
"825",198,2,193,5,143.42471319507,143.386288545545,138.889011942535,144.028139501123,128.023534340359
"826",198,3,193,5,171.087690723759,172.102572526754,172.047998511318,172.465675403543,154.063168589102
"827",198,4,193,5,185.49222873431,186.179560146153,186.743735369407,186.933141178603,176.556430925591
"828",198,5,193,5,193,193,193,193,193
"829",199,1,178,4,93.7563554523766,93.1221422790526,86.8566177871098,89.7457955776468,41.1233413208046
"830",199,2,178,4,135.69773104416,134.418515473414,135.3431242827,142.494180835558,118.391096097476
"831",199,3,178,4,164.694239527311,165.378571422252,164.455721941747,167.596140309674,161.924602585013
"832",199,4,178,4,178,178,178,178,178
"833",200,1,191,5,97.7375092019098,97.7870959712739,92.1837950225175,87.4545182446522,39.6985598599729
"834",200,2,191,5,149.569068390014,146.513052878353,141.903873922081,150.094853214476,123.298284748541
"835",200,3,191,5,172.980004155892,173.656298464295,171.994490894263,172.355590788554,157.265204077362
"836",200,4,191,5,185.403942818299,184.58794753436,183.13007591487,182.625673267417,181.237572149631
"837",200,5,191,5,191,191,191,191,191
"838",201,1,194,6,91.7079281847577,90.2888192860698,85.1518972267014,83.7291096827337,11.7949555885237
"839",201,2,194,6,147.041265857997,141.344973676184,141.817753433536,143.300128284731,133.70508735447
"840",201,3,194,6,175.859679726529,171.210118864967,169.021496988441,174.504755260024,176.649181673564
"841",201,4,194,6,181.90645315102,179.525085204939,178.220616144944,179.630602836574,184.755318295519
"842",201,5,194,6,188.265166855565,186.403372954989,187.74709210869,183.383883076347,188.216393891188
"843",201,6,194,6,194,194,194,194,194
"844",202,1,208,6,93.6949625486695,90.3619240586575,89.8463021256044,83.1782189755919,24.238067040759
"845",202,2,208,6,142.008659282954,143.157586474208,133.673443114104,138.872130731137,103.474753295192
"846",202,3,208,6,173.748511858343,170.925240697415,166.004170990235,173.466523710698,149.433920231673
"847",202,4,208,6,189.506443280511,186.326114402052,183.731347074979,191.289504329862,180.972828797042
"848",202,5,208,6,201.416875165792,202.021435261893,200.837095423919,203.702351929543,199.200729635231
"849",202,6,208,6,208,208,208,208,208
"850",203,1,187,3,112.573188483311,117.072570623037,109.546415381802,111.564379444381,70.616287464052
"851",203,2,187,3,166.876692836607,168.096291073822,166.48301728681,164.014925968434,153.156510471736
"852",203,3,187,3,187,187,187,187,187
"853",204,1,189,3,121.374239723986,118.697247518396,118.828789544107,113.946970853645,79.9239400497929
"854",204,2,189,3,171.183161240678,168.55711339383,170.309927361046,167.220874482732,161.291088553576
"855",204,3,189,3,189,189,189,189,189
"856",205,1,191,4,104.80278801261,108.96748791501,102.869201385291,103.904530461332,86.868567954294
"857",205,2,191,4,154.13660805698,151.053035039515,148.84785536259,147.472750843938,146.164293781756
"858",205,3,191,4,179.101895975323,178.397205734512,176.81187579963,179.196499431467,181.858181069481
"859",205,4,191,4,191,191,191,191,191
"860",206,1,166,2,124.094509211963,118.870301562104,119.881723719593,117.929989167921,87.3494524406587
"861",206,2,166,2,166,166,166,166,166
"862",207,1,165,3,93.5621017374417,93.4942553318952,97.3676002034497,92.8553507264236,50.0187389856697
"863",207,2,165,3,141.04119953868,138.178447198161,145.327148359804,134.725680846501,131.574073725381
"864",207,3,165,3,165,165,165,165,165
"865",208,1,206,6,95.5035709964274,102.782487592881,92.5622563493906,92.1865766026739,35.7971677227496
"866",208,2,206,6,150.200533589842,154.413042342654,145.107016728677,148.09553752828,114.538456272746
"867",208,3,206,6,182.305046920989,183.81226820233,177.916733160755,180.997083177152,162.17110524945
"868",208,4,206,6,191.171612439518,192.690267394227,192.901248608257,190.501257358161,181.566681382704
"869",208,5,206,6,200.360927233223,200.884225697197,199.928085044787,198.445606774646,193.304746236378
"870",208,6,206,6,206,206,206,206,206
"871",209,1,185,5,82.3647129174051,91.0910828033609,80.4584284487669,79.3084090038949,10.3326312701542
"872",209,2,185,5,117.666649905973,125.110968221544,118.632535465666,120.480636020376,78.276526931254
"873",209,3,185,5,146.43358319314,151.009103740628,139.065379555484,146.300573767903,116.594187838761
"874",209,4,185,5,169.781245118172,172.568697646945,166.26837290319,170.868209973853,168.07906419231
"875",209,5,185,5,185,185,185,185,185
"876",210,1,192,4,111.670405232522,110.980687677193,108.822944322016,110.425817739815,65.6481993185224
"877",210,2,192,4,157.31449756626,156.252139923323,153.884691125291,155.421613478803,135.701758034569
"878",210,3,192,4,183.000418707756,183.362948877431,183.525406409241,184.860165055622,184.80309788395
"879",210,4,192,4,192,192,192,192,192
"880",211,1,180,3,101.712713471409,98.7644111930457,94.2503824844172,98.2376663321907,40.9441165539104
"881",211,2,180,3,154.8681490997,154.23824530038,154.768188977284,152.856481948921,140.663667623462
"882",211,3,180,3,180,180,180,180,180
"883",212,1,169,4,99.3095077644298,103.687355979683,98.20239378376,97.2620916006404,56.4867318002812
"884",212,2,169,4,128.343897281117,133.580144111939,129.766072631055,130.397361427199,111.877252780127
"885",212,3,169,4,158.000168094751,161.290927434363,161.636077508165,158.850371070935,151.520230738505
"886",212,4,169,4,169,169,169,169,169
"887",213,1,173,3,88.4730430582221,85.9493154037449,85.3388681564054,76.7404978435616,35.6269130780448
"888",213,2,173,3,131.374734732187,131.352937248798,130.963124898339,120.71979427179,108.090241884514
"889",213,3,173,3,173,173,173,173,173
"890",214,1,200,6,109.257546358379,101.571480516225,99.6425424102227,104.474654160231,7.01014860757177
"891",214,2,200,6,156.026308982679,147.661885639176,144.053552679506,153.151909061187,87.7944785116434
"892",214,3,200,6,171.882399292151,167.763411602485,159.725481041245,168.073132016112,135.79148228184
"893",214,4,200,6,186.696489411235,183.706716900251,180.009854647404,186.322414458673,155.372803402678
"894",214,5,200,6,196.995245371974,194.798764754885,193.198158646763,197.440140856299,180.418678879162
"895",214,6,200,6,200,200,200,200,200
"896",215,1,197,4,95.9903419313695,98.7868597706128,92.1033600482711,88.0529239342127,28.2676914176244
"897",215,2,197,4,141.650674907586,143.354613754934,141.23872278182,136.866266927603,111.222533018606
"898",215,3,197,4,175.532781230522,179.330022479863,172.908963366588,172.600672857836,164.528454617977
"899",215,4,197,4,197,197,197,197,197
"900",216,1,188,3,125.234116861947,125.274085761215,123.183518317173,118.077570979823,81.3738944816391
"901",216,2,188,3,166.337467277994,169.617269326562,165.665979495902,166.179225195123,156.547341090964
"902",216,3,188,3,188,188,188,188,188
"903",217,1,189,3,118.530704135203,116.846368747407,115.918253428844,114.417042168747,76.4258357493228
"904",217,2,189,3,161.776587771852,164.264112652177,158.68240870962,158.7595908109,146.9787857077
"905",217,3,189,3,189,189,189,189,189
"906",218,1,196,5,93.4647860395058,92.0166383185686,100.12993630342,86.0594018735749,33.3354513756003
"907",218,2,196,5,136.825351248188,145.494276079351,139.492778267241,141.999337587809,111.341664462843
"908",218,3,196,5,160.790559273657,167.526182797907,162.734859980092,164.914761523861,147.419995538274
"909",218,4,196,5,182.508945683353,185.483431409583,185.009696077885,183.072017571758,182.814043672859
"910",218,5,196,5,196,196,196,196,196
"911",219,1,181,4,116.809033204165,115.227623331114,114.115149541938,111.077129228706,69.6939374975195
"912",219,2,181,4,151.668386783791,150.282306463911,149.522842281669,148.915039121746,131.314090422423
"913",219,3,181,4,171.046021018584,167.939000807843,170.054734607527,170.739980436401,164.078287886682
"914",219,4,181,4,181,181,181,181,181
"915",220,1,189,4,107.903043300434,105.976930168559,101.734496699097,100.493794338394,58.0352310446782
"916",220,2,189,4,153.653026087173,153.170473238717,151.762414120543,153.423769927717,134.882592727139
"917",220,3,189,4,180.571212890157,179.070358352863,178.149055050374,177.872760493547,177.372868740409
"918",220,4,189,4,189,189,189,189,189
"919",221,1,178,3,105.515333513489,106.286252522367,103.262034732588,100.733998849005,51.6513976807492
"920",221,2,178,3,159.454869939022,155.140437717623,153.281256137591,156.326119847077,135.437176245093
"921",221,3,178,3,178,178,178,178,178
"922",222,1,189,3,119.428933592952,121.378641307959,118.122282512188,119.417921340251,76.0909641629633
"923",222,2,189,3,164.749588554306,164.432003792246,165.364378137611,166.404196366615,151.758316531193
"924",222,3,189,3,189,189,189,189,189
"925",223,1,197,6,94.6140200634561,100.285942792931,88.4191239453827,94.8697864540943,NA
"926",223,2,197,6,141.042192308185,141.691304048941,143.746853905325,142.262204194946,NA
"927",223,3,197,6,166.177255828877,169.391141935277,168.879806549363,165.13973554337,NA
"928",223,4,197,6,183.327403578055,184.388299625331,182.093768147651,179.659919258012,NA
"929",223,5,197,6,191.49452108428,191.696992986056,190.142833626113,189.165694392384,NA
"930",223,6,197,6,197,197,197,197,NA
"931",224,1,191,4,116.367610137292,113.7906674528,113.555158865457,108.820220336759,63.6113259301208
"932",224,2,191,4,159.024889633675,155.436959185511,160.37523190226,155.527719914943,140.883503319548
"933",224,3,191,4,181.024694806523,179.00387870196,179.221188547907,180.044390912625,172.705213971847
"934",224,4,191,4,191,191,191,191,191
"935",225,1,186,3,110.253583383052,111.573436951903,104.733732199629,103.608332482851,63.7170395474986
"936",225,2,186,3,163.358729110897,165.181435219049,161.864717510628,161.628994015271,149.200225244886
"937",225,3,186,3,186,186,186,186,186
"938",226,1,207,6,98.5200529101067,102.75915317409,97.1018888822992,89.5795148172099,37.0201148199014
"939",226,2,207,6,147.007066379968,153.248367215507,139.565498598176,141.687437199032,116.786562054728
"940",226,3,207,6,175.958958145331,176.566623637042,171.753968957055,169.865473440118,157.599417630995
"941",226,4,207,6,188.786622472062,188.24018393577,185.049441143391,183.317425902291,179.544127247648
"942",226,5,207,6,196.652986048444,197.796526757625,195.361808355115,196.769378364464,192.359088819327
"943",226,6,207,6,207,207,207,207,207
"944",227,1,194,4,107.308517580991,105.933384932004,99.8275770866164,102.934169201413,56.0858901727533
"945",227,2,194,4,156.890548815384,151.289605410245,150.354891549885,151.41176080474,132.065213534371
"946",227,3,194,4,183.15924542368,181.171481993949,181.118272734385,182.470816948105,176.271409746245
"947",227,4,194,4,194,194,194,194,194
"948",228,1,216,6,102.67658748859,102.232570638284,96.9642835040601,90.1167599583649,45.0235293586249
"949",228,2,216,6,153.626252151985,153.144839860687,139.222921938589,155.096889086898,133.218776497839
"950",228,3,216,6,180.553982204865,180.652406038885,175.760166532702,182.98057485403,173.931306334331
"951",228,4,216,6,194.963239291703,194.263429784585,186.551138844944,191.313432363126,192.299028028365
"952",228,5,216,6,210.387507700111,208.971548985483,205.92420191781,207.165839202236,207.873648704592
"953",228,6,216,6,216,216,216,216,216
"954",229,1,180,3,113.736115386921,114.321345163562,110.459449236968,110.642981346899,77.2746483612557
"955",229,2,180,3,159.014537938299,152.812002380715,152.052229850649,151.167213495805,147.662839460796
"956",229,3,180,3,180,180,180,180,180
"957",230,1,193,4,117.243850756325,117.746345553136,115.325160331037,106.898319236695,61.5605472449215
"958",230,2,193,4,157.172820558583,161.567553888257,158.591265528988,148.839624551426,139.121550425013
"959",230,3,193,4,181.986753289926,181.411082474648,185.10339632251,182.444164457823,173.372809869215
"960",230,4,193,4,193,193,193,193,193
"961",231,1,162,3,89.4406859775569,86.1456419986886,83.2345289008182,81.1929257000878,28.1325674214269
"962",231,2,162,3,125.11221889455,121.556994238215,112.383839397107,121.814914381854,99.2029862443108
"963",231,3,162,3,162,162,162,162,162
"964",232,1,183,3,100.593986877408,98.0627151104219,98.3171322562202,93.174337136477,49.2345885979108
"965",232,2,183,3,156.129027927953,157.631654525347,155.936345056398,155.321562343123,146.887168372172
"966",232,3,183,3,183,183,183,183,183
"967",233,1,195,4,112.690856789059,109.226859217177,112.714216155167,107.303373295136,65.025552642899
"968",233,2,195,4,153.30461370221,155.715847646777,160.170705618083,154.173027349818,130.852959378113
"969",233,3,195,4,185.063174048973,185.06162704736,185.174870856694,185.650001998192,180.796184266611
"970",233,4,195,4,195,195,195,195,195
"971",234,1,199,4,124.070568398322,121.082183548714,116.033960616603,114.333051450477,83.852828455259
"972",234,2,199,4,163.44570988426,161.052967825343,160.413232931611,155.304936145788,150.680235190472
"973",234,3,199,4,186.293688886111,188.521561882389,184.173966522663,184.255799101084,184.143562749996
"974",234,4,199,4,199,199,199,199,199
"975",235,1,190,4,83.5421886877242,85.0431172100739,80.3876281211653,75.5724355345483,-3.23528273335463
"976",235,2,190,4,150.460215288136,145.486514023761,146.844079245145,146.270436446215,108.882475517207
"977",235,3,190,4,180.190981076,178.819039723193,177.33293128705,177.425440399967,170.6439032428
"978",235,4,190,4,190,190,190,190,190
"979",236,1,214,6,96.9086458299048,94.2194184493168,92.3641585721075,90.3373561949025,45.9597672771378
"980",236,2,214,6,152.114611996982,150.283680945119,149.204196646553,149.413954338375,137.606539807227
"981",236,3,214,6,183.086394593311,181.816574498295,181.738497111846,185.5138863457,170.74653210998
"982",236,4,214,6,199.265883321783,197.512761518889,200.068145727633,201.458848058157,189.064806755143
"983",236,5,214,6,209.150778914995,210.414235621968,209.875003233718,207.729424029079,200.362267773025
"984",236,6,214,6,214,214,214,214,214
"985",237,1,180,3,100.01146991581,98.1222774752316,95.9622351392616,94.8493224710216,41.2011081604337
"986",237,2,180,3,151.877786675381,154.48059101673,151.967459594864,150.903755954732,135.786712403487
"987",237,3,180,3,180,180,180,180,180
"988",238,1,179,3,111.923603250376,111.058918214081,107.967520736069,104.883728493034,59.9065080934998
"989",238,2,179,3,147.558531411338,153.233777786038,160.956500737302,151.620599198781,115.880858082993
"990",238,3,179,3,179,179,179,179,179
"991",239,1,173,3,104.30454072258,102.102437611529,101.284319626697,99.5194648762345,53.4987883807359
"992",239,2,173,3,152.751701845161,150.383876909338,153.158898995722,147.625785968526,134.871345920779
"993",239,3,173,3,173,173,173,173,173
"994",240,1,187,7,87.1597860106224,83.6824514867539,82.7146464780757,87.5077718859631,13.5655639820179
"995",240,2,187,7,128.238149437793,125.651064217044,121.508600131713,129.073483302329,90.2495563827969
"996",240,3,187,7,151.116540433105,151.767362643291,145.884781770399,150.62122038168,127.134360114196
"997",240,4,187,7,166.440225890666,164.942996331541,163.532669802107,169.841286026495,152.483167129833
"998",240,5,187,7,173.17901869169,174.559947216843,172.20949969118,176.957460211718,169.179976608648
"999",240,6,187,7,179.917811492714,180.941731917647,181.206724513918,184.073634396942,177.80158838643
"1000",240,7,187,7,187,187,187,187,187
