"","id","fish","agecap","lencap","anu1","anu2","anu3","anu4","anu5","anu6","anu7","anu8","anu9","radcap","rad1","rad2","rad3","rad4","rad5","rad6","rad7","rad8","rad9","zone","prop_age2","prop_age3"
"1",1,1,4,213,2.35,1.72,0.89,0.36,NA,NA,NA,NA,NA,5.32,2.35,4.07,4.96,5.32,NA,NA,NA,NA,NA,"A1",0.765037593984962,0.932330827067669
"2",2,1,4,213,2.35,1.77,0.91,0.31,NA,NA,NA,NA,NA,5.34,2.35,4.12,5.03,5.34,NA,NA,NA,NA,NA,"A1",0.771535580524345,0.941947565543071
"3",6,1,4,213,2.38,1.7,0.92,0.36,NA,NA,NA,NA,NA,5.36,2.38,4.08,5,5.36,NA,NA,NA,NA,NA,"A2",0.761194029850746,0.932835820895522
"4",5,1,4,213,1.59,1.13,0.59,0.16,NA,NA,NA,NA,NA,3.47,1.59,2.72,3.31,3.47,NA,NA,NA,NA,NA,"A2",0.783861671469741,0.953890489913545
"5",7,1,4,213,2.67,1.87,0.99,0.29,NA,NA,NA,NA,NA,5.82,2.67,4.54,5.53,5.82,NA,NA,NA,NA,NA,"A3",0.780068728522337,0.950171821305842
"6",9,1,4,213,2.52,1.65,0.77,0.3,NA,NA,NA,NA,NA,5.24,2.52,4.17,4.94,5.24,NA,NA,NA,NA,NA,"A3",0.795801526717557,0.942748091603053
"7",12,1,4,213,1.85,1.41,0.68,0.24,NA,NA,NA,NA,NA,4.18,1.85,3.26,3.94,4.18,NA,NA,NA,NA,NA,"A4",0.779904306220096,0.942583732057416
"8",10,1,4,213,1.67,1.35,0.82,0.23,NA,NA,NA,NA,NA,4.07,1.67,3.02,3.84,4.07,NA,NA,NA,NA,NA,"A4",0.742014742014742,0.943488943488943
"9",13,1,4,213,2.62,1.51,0.76,0.27,NA,NA,NA,NA,NA,5.16,2.62,4.13,4.89,5.16,NA,NA,NA,NA,NA,"A6",0.800387596899225,0.947674418604651
"10",15,1,4,213,2.01,1.42,0.52,0.18,NA,NA,NA,NA,NA,4.13,2.01,3.43,3.95,4.13,NA,NA,NA,NA,NA,"A6",0.830508474576271,0.956416464891041
"11",47,4,4,194,2.12,1.38,0.55,0.26,NA,NA,NA,NA,NA,4.31,2.12,3.5,4.05,4.31,NA,NA,NA,NA,NA,"A1",0.812064965197216,0.939675174013921
"12",48,4,4,194,2.02,1.33,0.71,0.38,NA,NA,NA,NA,NA,4.44,2.02,3.35,4.06,4.44,NA,NA,NA,NA,NA,"A1",0.754504504504504,0.914414414414414
"13",50,4,4,194,2.19,1.22,0.73,0.28,NA,NA,NA,NA,NA,4.42,2.19,3.41,4.14,4.42,NA,NA,NA,NA,NA,"A2",0.771493212669683,0.936651583710407
"14",49,4,4,194,2.19,1.28,0.7,0.25,NA,NA,NA,NA,NA,4.42,2.19,3.47,4.17,4.42,NA,NA,NA,NA,NA,"A2",0.785067873303167,0.943438914027149
"15",52,4,4,194,2.37,1.81,0.65,0.26,NA,NA,NA,NA,NA,5.09,2.37,4.18,4.83,5.09,NA,NA,NA,NA,NA,"A3",0.821218074656189,0.948919449901768
"16",54,4,4,194,2.49,1.25,0.75,0.33,NA,NA,NA,NA,NA,4.82,2.49,3.74,4.49,4.82,NA,NA,NA,NA,NA,"A3",0.775933609958506,0.931535269709544
"17",56,4,4,194,1.82,0.95,0.59,0.26,NA,NA,NA,NA,NA,3.62,1.82,2.77,3.36,3.62,NA,NA,NA,NA,NA,"A4",0.765193370165746,0.92817679558011
"18",55,4,4,194,2.13,1.07,0.63,0.24,NA,NA,NA,NA,NA,4.07,2.13,3.2,3.83,4.07,NA,NA,NA,NA,NA,"A4",0.786240786240786,0.941031941031941
"19",60,4,4,194,2.26,1.15,0.66,0.27,NA,NA,NA,NA,NA,4.34,2.26,3.41,4.07,4.34,NA,NA,NA,NA,NA,"A6",0.785714285714286,0.93778801843318
"20",59,4,4,194,1.8,0.96,0.55,0.19,NA,NA,NA,NA,NA,3.5,1.8,2.76,3.31,3.5,NA,NA,NA,NA,NA,"A6",0.788571428571428,0.945714285714286
"21",121,9,4,187,1.05,0.82,1.21,0.77,NA,NA,NA,NA,NA,3.85,1.05,1.87,3.08,3.85,NA,NA,NA,NA,NA,"A1",0.485714285714286,0.8
"22",122,9,4,187,1.17,0.85,1.17,0.8,NA,NA,NA,NA,NA,3.99,1.17,2.02,3.19,3.99,NA,NA,NA,NA,NA,"A1",0.506265664160401,0.799498746867168
"23",126,9,4,187,1.08,0.81,1.25,0.85,NA,NA,NA,NA,NA,3.99,1.08,1.89,3.14,3.99,NA,NA,NA,NA,NA,"A2",0.473684210526316,0.786967418546366
"24",125,9,4,187,1.26,0.95,1.12,1.07,NA,NA,NA,NA,NA,4.4,1.26,2.21,3.33,4.4,NA,NA,NA,NA,NA,"A2",0.502272727272727,0.756818181818182
"25",129,9,4,187,0.98,1.42,0.69,0.71,NA,NA,NA,NA,NA,3.8,0.98,2.4,3.09,3.8,NA,NA,NA,NA,NA,"A3",0.631578947368421,0.813157894736842
"26",128,9,4,187,1.33,1.02,1.15,0.68,NA,NA,NA,NA,NA,4.18,1.33,2.35,3.5,4.18,NA,NA,NA,NA,NA,"A3",0.562200956937799,0.837320574162679
"27",131,9,4,187,1,0.7,0.84,0.62,NA,NA,NA,NA,NA,3.16,1,1.7,2.54,3.16,NA,NA,NA,NA,NA,"A4",0.537974683544304,0.80379746835443
"28",130,9,4,187,0.79,0.6,0.78,0.53,NA,NA,NA,NA,NA,2.7,0.79,1.39,2.17,2.7,NA,NA,NA,NA,NA,"A4",0.514814814814815,0.803703703703704
"29",135,9,4,187,1.13,1.18,0.95,0.65,NA,NA,NA,NA,NA,3.91,1.13,2.31,3.26,3.91,NA,NA,NA,NA,NA,"A6",0.59079283887468,0.833759590792839
"30",134,9,4,187,1.34,0.59,0.82,0.49,NA,NA,NA,NA,NA,3.24,1.34,1.93,2.75,3.24,NA,NA,NA,NA,NA,"A6",0.595679012345679,0.848765432098765
"31",196,14,4,186,1.91,1.43,0.71,0.36,NA,NA,NA,NA,NA,4.41,1.91,3.34,4.05,4.41,NA,NA,NA,NA,NA,"A1",0.757369614512472,0.918367346938775
"32",197,14,4,186,2.1,1.46,0.74,0.32,NA,NA,NA,NA,NA,4.62,2.1,3.56,4.3,4.62,NA,NA,NA,NA,NA,"A1",0.770562770562771,0.930735930735931
"33",200,14,4,186,1.84,1.42,0.78,0.38,NA,NA,NA,NA,NA,4.42,1.84,3.26,4.04,4.42,NA,NA,NA,NA,NA,"A2",0.737556561085973,0.914027149321267
"34",199,14,4,186,1.75,1.23,0.68,0.29,NA,NA,NA,NA,NA,3.95,1.75,2.98,3.66,3.95,NA,NA,NA,NA,NA,"A2",0.754430379746835,0.926582278481013
"35",202,14,4,186,1.89,1.31,0.69,0.37,NA,NA,NA,NA,NA,4.26,1.89,3.2,3.89,4.26,NA,NA,NA,NA,NA,"A3",0.751173708920188,0.913145539906103
"36",203,14,4,186,1.9,1.39,0.7,0.36,NA,NA,NA,NA,NA,4.35,1.9,3.29,3.99,4.35,NA,NA,NA,NA,NA,"A3",0.75632183908046,0.917241379310345
"37",207,14,4,186,1.4,1.04,0.66,0.24,NA,NA,NA,NA,NA,3.34,1.4,2.44,3.1,3.34,NA,NA,NA,NA,NA,"A4",0.730538922155689,0.92814371257485
"38",206,14,4,186,1.62,1.14,0.73,0.31,NA,NA,NA,NA,NA,3.8,1.62,2.76,3.49,3.8,NA,NA,NA,NA,NA,"A4",0.726315789473684,0.918421052631579
"39",209,14,4,186,1.97,1.41,0.67,0.32,NA,NA,NA,NA,NA,4.37,1.97,3.38,4.05,4.37,NA,NA,NA,NA,NA,"A6",0.773455377574371,0.926773455377574
"40",208,14,4,186,2.07,1.44,0.69,0.27,NA,NA,NA,NA,NA,4.47,2.07,3.51,4.2,4.47,NA,NA,NA,NA,NA,"A6",0.785234899328859,0.939597315436241
"41",228,16,4,165,1.1,0.77,0.98,0.78,NA,NA,NA,NA,NA,3.63,1.1,1.87,2.85,3.63,NA,NA,NA,NA,NA,"A1",0.515151515151515,0.785123966942149
"42",226,16,4,165,1.2,0.71,1.11,0.74,NA,NA,NA,NA,NA,3.76,1.2,1.91,3.02,3.76,NA,NA,NA,NA,NA,"A1",0.507978723404255,0.803191489361702
"43",230,16,4,165,1.13,0.68,0.92,0.8,NA,NA,NA,NA,NA,3.53,1.13,1.81,2.73,3.53,NA,NA,NA,NA,NA,"A2",0.512747875354108,0.773371104815864
"44",229,16,4,165,0.74,0.53,0.7,0.56,NA,NA,NA,NA,NA,2.53,0.74,1.27,1.97,2.53,NA,NA,NA,NA,NA,"A2",0.50197628458498,0.778656126482213
"45",232,16,4,165,1.23,0.82,0.93,0.87,NA,NA,NA,NA,NA,3.85,1.23,2.05,2.98,3.85,NA,NA,NA,NA,NA,"A3",0.532467532467532,0.774025974025974
"46",234,16,4,165,1.25,0.74,1.01,0.76,NA,NA,NA,NA,NA,3.76,1.25,1.99,3,3.76,NA,NA,NA,NA,NA,"A3",0.529255319148936,0.797872340425532
"47",237,16,4,165,0.85,0.51,0.61,0.57,NA,NA,NA,NA,NA,2.54,0.85,1.36,1.97,2.54,NA,NA,NA,NA,NA,"A4",0.535433070866142,0.775590551181102
"48",236,16,4,165,0.84,0.52,0.58,0.61,NA,NA,NA,NA,NA,2.55,0.84,1.36,1.94,2.55,NA,NA,NA,NA,NA,"A4",0.533333333333333,0.76078431372549
"49",238,16,4,165,1.25,0.98,1.05,0.83,NA,NA,NA,NA,NA,4.11,1.25,2.23,3.28,4.11,NA,NA,NA,NA,NA,"A6",0.542579075425791,0.798053527980535
"50",240,16,4,165,0.82,0.62,0.78,0.62,NA,NA,NA,NA,NA,2.84,0.82,1.44,2.22,2.84,NA,NA,NA,NA,NA,"A6",0.507042253521127,0.78169014084507
"51",258,18,4,187,1.92,1.38,0.67,0.4,NA,NA,NA,NA,NA,4.37,1.92,3.3,3.97,4.37,NA,NA,NA,NA,NA,"A1",0.755148741418764,0.908466819221968
"52",257,18,4,187,1.86,1.46,0.65,0.46,NA,NA,NA,NA,NA,4.43,1.86,3.32,3.97,4.43,NA,NA,NA,NA,NA,"A1",0.749435665914221,0.896162528216704
"53",261,18,4,187,1.87,1.51,0.68,0.52,NA,NA,NA,NA,NA,4.58,1.87,3.38,4.06,4.58,NA,NA,NA,NA,NA,"A2",0.737991266375546,0.88646288209607
"54",259,18,4,187,1.82,1.51,0.66,0.5,NA,NA,NA,NA,NA,4.49,1.82,3.33,3.99,4.49,NA,NA,NA,NA,NA,"A2",0.741648106904232,0.888641425389755
"55",264,18,4,187,1.95,1.47,0.67,0.49,NA,NA,NA,NA,NA,4.58,1.95,3.42,4.09,4.58,NA,NA,NA,NA,NA,"A3",0.746724890829694,0.893013100436681
"56",263,18,4,187,1.65,1.33,0.48,0.37,NA,NA,NA,NA,NA,3.83,1.65,2.98,3.46,3.83,NA,NA,NA,NA,NA,"A3",0.778067885117493,0.903394255874674
"57",265,18,4,187,1.48,1.21,0.56,0.31,NA,NA,NA,NA,NA,3.56,1.48,2.69,3.25,3.56,NA,NA,NA,NA,NA,"A4",0.75561797752809,0.912921348314607
"58",267,18,4,187,1.74,1.38,0.64,0.4,NA,NA,NA,NA,NA,4.16,1.74,3.12,3.76,4.16,NA,NA,NA,NA,NA,"A4",0.75,0.903846153846154
"59",269,18,4,187,2.11,1.34,0.7,0.4,NA,NA,NA,NA,NA,4.55,2.11,3.45,4.15,4.55,NA,NA,NA,NA,NA,"A6",0.758241758241758,0.912087912087912
"60",268,18,4,187,2.15,1.31,0.63,0.41,NA,NA,NA,NA,NA,4.5,2.15,3.46,4.09,4.5,NA,NA,NA,NA,NA,"A6",0.768888888888889,0.908888888888889
"61",393,27,4,185,2.22,1.26,0.8,0.31,NA,NA,NA,NA,NA,4.59,2.22,3.48,4.28,4.59,NA,NA,NA,NA,NA,"A1",0.758169934640523,0.932461873638344
"62",392,27,4,185,1.96,1.11,0.85,0.2,NA,NA,NA,NA,NA,4.12,1.96,3.07,3.92,4.12,NA,NA,NA,NA,NA,"A1",0.745145631067961,0.951456310679612
"63",394,27,4,185,2.05,1.09,0.75,0.25,NA,NA,NA,NA,NA,4.14,2.05,3.14,3.89,4.14,NA,NA,NA,NA,NA,"A2",0.758454106280193,0.939613526570048
"64",396,27,4,185,2.12,1.05,0.95,0.23,NA,NA,NA,NA,NA,4.35,2.12,3.17,4.12,4.35,NA,NA,NA,NA,NA,"A2",0.728735632183908,0.947126436781609
"65",399,27,4,185,2.26,1.35,0.85,0.28,NA,NA,NA,NA,NA,4.74,2.26,3.61,4.46,4.74,NA,NA,NA,NA,NA,"A3",0.761603375527426,0.940928270042194
"66",397,27,4,185,2.14,1.29,0.83,0.25,NA,NA,NA,NA,NA,4.51,2.14,3.43,4.26,4.51,NA,NA,NA,NA,NA,"A3",0.760532150776053,0.944567627494457
"67",400,27,4,185,1.19,0.69,0.52,0.15,NA,NA,NA,NA,NA,2.55,1.19,1.88,2.4,2.55,NA,NA,NA,NA,NA,"A4",0.737254901960784,0.941176470588235
"68",402,27,4,185,1.55,0.83,0.61,0.27,NA,NA,NA,NA,NA,3.26,1.55,2.38,2.99,3.26,NA,NA,NA,NA,NA,"A4",0.730061349693252,0.917177914110429
"69",404,27,4,185,1.48,0.6,0.51,0.1,NA,NA,NA,NA,NA,2.69,1.48,2.08,2.59,2.69,NA,NA,NA,NA,NA,"A6",0.773234200743494,0.962825278810409
"70",405,27,4,185,1.7,0.92,0.61,0.15,NA,NA,NA,NA,NA,3.38,1.7,2.62,3.23,3.38,NA,NA,NA,NA,NA,"A6",0.775147928994083,0.955621301775148
"71",438,30,4,174,2.27,1.48,0.42,0.18,NA,NA,NA,NA,NA,4.35,2.27,3.75,4.17,4.35,NA,NA,NA,NA,NA,"A1",0.862068965517241,0.958620689655172
"72",436,30,4,174,2.33,1.63,0.32,0.31,NA,NA,NA,NA,NA,4.59,2.33,3.96,4.28,4.59,NA,NA,NA,NA,NA,"A1",0.862745098039216,0.932461873638344
"73",439,30,4,174,2.42,1.72,0.35,0.31,NA,NA,NA,NA,NA,4.8,2.42,4.14,4.49,4.8,NA,NA,NA,NA,NA,"A2",0.8625,0.935416666666667
"74",441,30,4,174,2.32,1.61,0.42,0.21,NA,NA,NA,NA,NA,4.56,2.32,3.93,4.35,4.56,NA,NA,NA,NA,NA,"A2",0.861842105263158,0.953947368421053
"75",443,30,4,174,2.42,1.62,0.35,0.2,NA,NA,NA,NA,NA,4.59,2.42,4.04,4.39,4.59,NA,NA,NA,NA,NA,"A3",0.880174291938998,0.956427015250545
"76",444,30,4,174,2.56,1.61,0.42,0.22,NA,NA,NA,NA,NA,4.81,2.56,4.17,4.59,4.81,NA,NA,NA,NA,NA,"A3",0.866943866943867,0.954261954261954
"77",447,30,4,174,1.56,1.02,0.42,0.15,NA,NA,NA,NA,NA,3.15,1.56,2.58,3,3.15,NA,NA,NA,NA,NA,"A4",0.819047619047619,0.952380952380952
"78",446,30,4,174,1.56,1.12,0.31,0.13,NA,NA,NA,NA,NA,3.12,1.56,2.68,2.99,3.12,NA,NA,NA,NA,NA,"A4",0.858974358974359,0.958333333333333
"79",449,30,4,174,1.95,1.32,0.36,0.12,NA,NA,NA,NA,NA,3.75,1.95,3.27,3.63,3.75,NA,NA,NA,NA,NA,"A6",0.872,0.968
"80",448,30,4,174,2.05,1.21,0.21,0.27,NA,NA,NA,NA,NA,3.74,2.05,3.26,3.47,3.74,NA,NA,NA,NA,NA,"A6",0.871657754010695,0.927807486631016
"81",498,34,4,186,2.53,1.21,1,0.35,NA,NA,NA,NA,NA,5.09,2.53,3.74,4.74,5.09,NA,NA,NA,NA,NA,"A1",0.734774066797642,0.931237721021611
"82",496,34,4,186,2.51,1.19,1,0.42,NA,NA,NA,NA,NA,5.12,2.51,3.7,4.7,5.12,NA,NA,NA,NA,NA,"A1",0.72265625,0.91796875
"83",500,34,4,186,2.46,1.18,0.98,0.32,NA,NA,NA,NA,NA,4.94,2.46,3.64,4.62,4.94,NA,NA,NA,NA,NA,"A2",0.736842105263158,0.935222672064777
"84",499,34,4,186,2.32,1.37,0.75,0.32,NA,NA,NA,NA,NA,4.76,2.32,3.69,4.44,4.76,NA,NA,NA,NA,NA,"A2",0.775210084033613,0.932773109243697
"85",503,34,4,186,2.4,1.45,0.8,0.41,NA,NA,NA,NA,NA,5.06,2.4,3.85,4.65,5.06,NA,NA,NA,NA,NA,"A3",0.760869565217391,0.91897233201581
"86",504,34,4,186,2.52,1.25,0.92,0.29,NA,NA,NA,NA,NA,4.98,2.52,3.77,4.69,4.98,NA,NA,NA,NA,NA,"A3",0.757028112449799,0.941767068273092
"87",506,34,4,186,2.05,1.13,0.9,0.28,NA,NA,NA,NA,NA,4.36,2.05,3.18,4.08,4.36,NA,NA,NA,NA,NA,"A4",0.729357798165137,0.935779816513761
"88",507,34,4,186,2.23,1.04,0.85,0.33,NA,NA,NA,NA,NA,4.45,2.23,3.27,4.12,4.45,NA,NA,NA,NA,NA,"A4",0.734831460674157,0.925842696629213
"89",509,34,4,186,2.67,1.15,0.88,0.32,NA,NA,NA,NA,NA,5.02,2.67,3.82,4.7,5.02,NA,NA,NA,NA,NA,"A6",0.760956175298805,0.936254980079681
"90",508,34,4,186,2.42,1.23,0.78,0.34,NA,NA,NA,NA,NA,4.77,2.42,3.65,4.43,4.77,NA,NA,NA,NA,NA,"A6",0.765199161425577,0.928721174004193
"91",511,35,4,200,2.03,1.25,0.77,0.45,NA,NA,NA,NA,NA,4.5,2.03,3.28,4.05,4.5,NA,NA,NA,NA,NA,"A1",0.728888888888889,0.9
"92",512,35,4,200,2.13,1.37,0.81,0.55,NA,NA,NA,NA,NA,4.86,2.13,3.5,4.31,4.86,NA,NA,NA,NA,NA,"A1",0.720164609053498,0.886831275720165
"93",516,35,4,200,2.2,1.51,0.81,0.6,NA,NA,NA,NA,NA,5.12,2.2,3.71,4.52,5.12,NA,NA,NA,NA,NA,"A2",0.724609375,0.8828125
"94",515,35,4,200,2.15,1.72,0.82,0.6,NA,NA,NA,NA,NA,5.29,2.15,3.87,4.69,5.29,NA,NA,NA,NA,NA,"A2",0.731568998109641,0.886578449905482
"95",519,35,4,200,1.98,1.38,0.86,0.32,NA,NA,NA,NA,NA,4.54,1.98,3.36,4.22,4.54,NA,NA,NA,NA,NA,"A3",0.740088105726872,0.929515418502203
"96",517,35,4,200,2.17,1.53,0.99,0.44,NA,NA,NA,NA,NA,5.13,2.17,3.7,4.69,5.13,NA,NA,NA,NA,NA,"A3",0.721247563352827,0.914230019493178
"97",520,35,4,200,1.39,0.85,0.59,0.41,NA,NA,NA,NA,NA,3.24,1.39,2.24,2.83,3.24,NA,NA,NA,NA,NA,"A4",0.691358024691358,0.873456790123457
"98",521,35,4,200,1.34,0.91,0.52,0.35,NA,NA,NA,NA,NA,3.12,1.34,2.25,2.77,3.12,NA,NA,NA,NA,NA,"A4",0.721153846153846,0.887820512820513
"99",523,35,4,200,1.87,1.13,0.65,0.37,NA,NA,NA,NA,NA,4.02,1.87,3,3.65,4.02,NA,NA,NA,NA,NA,"A6",0.746268656716418,0.907960199004975
"100",525,35,4,200,2.13,1.29,0.82,0.26,NA,NA,NA,NA,NA,4.5,2.13,3.42,4.24,4.5,NA,NA,NA,NA,NA,"A6",0.76,0.942222222222222
"101",527,36,4,201,2.08,1.46,0.73,0.41,NA,NA,NA,NA,NA,4.68,2.08,3.54,4.27,4.68,NA,NA,NA,NA,NA,"A1",0.756410256410256,0.912393162393162
"102",528,36,4,201,2.26,1.42,0.76,0.39,NA,NA,NA,NA,NA,4.83,2.26,3.68,4.44,4.83,NA,NA,NA,NA,NA,"A1",0.761904761904762,0.919254658385093
"103",529,36,4,201,1.7,1.22,0.7,0.32,NA,NA,NA,NA,NA,3.94,1.7,2.92,3.62,3.94,NA,NA,NA,NA,NA,"A2",0.741116751269036,0.918781725888325
"104",531,36,4,201,2.27,1.48,0.91,0.47,NA,NA,NA,NA,NA,5.13,2.27,3.75,4.66,5.13,NA,NA,NA,NA,NA,"A2",0.730994152046784,0.908382066276803
"105",534,36,4,201,2.05,1.34,0.89,0.47,NA,NA,NA,NA,NA,4.75,2.05,3.39,4.28,4.75,NA,NA,NA,NA,NA,"A3",0.713684210526316,0.901052631578947
"106",532,36,4,201,2.19,1.5,0.82,0.4,NA,NA,NA,NA,NA,4.91,2.19,3.69,4.51,4.91,NA,NA,NA,NA,NA,"A3",0.75152749490835,0.918533604887984
"107",536,36,4,201,1.61,1.14,0.56,0.36,NA,NA,NA,NA,NA,3.67,1.61,2.75,3.31,3.67,NA,NA,NA,NA,NA,"A4",0.749318801089918,0.901907356948229
"108",535,36,4,201,1.83,1.27,0.62,0.5,NA,NA,NA,NA,NA,4.22,1.83,3.1,3.72,4.22,NA,NA,NA,NA,NA,"A4",0.734597156398104,0.881516587677725
"109",538,36,4,201,2.12,1.28,0.86,0.37,NA,NA,NA,NA,NA,4.63,2.12,3.4,4.26,4.63,NA,NA,NA,NA,NA,"A6",0.734341252699784,0.920086393088553
"110",539,36,4,201,2.22,1.27,0.86,0.36,NA,NA,NA,NA,NA,4.71,2.22,3.49,4.35,4.71,NA,NA,NA,NA,NA,"A6",0.740976645435244,0.923566878980892
"111",543,37,4,202,2.08,1.58,1,0.32,NA,NA,NA,NA,NA,4.98,2.08,3.66,4.66,4.98,NA,NA,NA,NA,NA,"A1",0.734939759036145,0.93574297188755
"112",541,37,4,202,2.24,1.7,1.05,0.35,NA,NA,NA,NA,NA,5.34,2.24,3.94,4.99,5.34,NA,NA,NA,NA,NA,"A1",0.737827715355805,0.934456928838951
"113",544,37,4,202,2.36,1.94,1.06,0.4,NA,NA,NA,NA,NA,5.76,2.36,4.3,5.36,5.76,NA,NA,NA,NA,NA,"A2",0.746527777777778,0.930555555555555
"114",545,37,4,202,2.52,2.11,1.23,0.45,NA,NA,NA,NA,NA,6.31,2.52,4.63,5.86,6.31,NA,NA,NA,NA,NA,"A2",0.733755942947702,0.928684627575277
"115",549,37,4,202,2.11,1.6,1.06,0.29,NA,NA,NA,NA,NA,5.06,2.11,3.71,4.77,5.06,NA,NA,NA,NA,NA,"A3",0.733201581027668,0.942687747035573
"116",547,37,4,202,2.24,1.87,0.93,0.35,NA,NA,NA,NA,NA,5.39,2.24,4.11,5.04,5.39,NA,NA,NA,NA,NA,"A3",0.76252319109462,0.935064935064935
"117",550,37,4,202,1.62,1.26,0.86,0.27,NA,NA,NA,NA,NA,4.01,1.62,2.88,3.74,4.01,NA,NA,NA,NA,NA,"A4",0.718204488778055,0.932668329177057
"118",552,37,4,202,1.49,1.16,0.85,0.24,NA,NA,NA,NA,NA,3.74,1.49,2.65,3.5,3.74,NA,NA,NA,NA,NA,"A4",0.70855614973262,0.935828877005348
"119",553,37,4,202,2.53,1.96,0.97,0.39,NA,NA,NA,NA,NA,5.85,2.53,4.49,5.46,5.85,NA,NA,NA,NA,NA,"A6",0.767521367521368,0.933333333333333
"120",555,37,4,202,2.08,1.55,0.77,0.22,NA,NA,NA,NA,NA,4.62,2.08,3.63,4.4,4.62,NA,NA,NA,NA,NA,"A6",0.785714285714286,0.952380952380952
"121",572,39,4,197,2.54,1.23,0.86,0.25,NA,NA,NA,NA,NA,4.88,2.54,3.77,4.63,4.88,NA,NA,NA,NA,NA,"A1",0.772540983606557,0.948770491803279
"122",573,39,4,197,2.64,1.22,1.13,0.37,NA,NA,NA,NA,NA,5.36,2.64,3.86,4.99,5.36,NA,NA,NA,NA,NA,"A1",0.720149253731343,0.930970149253731
"123",575,39,4,197,2.71,1.71,0.78,0.34,NA,NA,NA,NA,NA,5.54,2.71,4.42,5.2,5.54,NA,NA,NA,NA,NA,"A2",0.797833935018051,0.938628158844765
"124",576,39,4,197,2.63,1.23,1.16,0.34,NA,NA,NA,NA,NA,5.36,2.63,3.86,5.02,5.36,NA,NA,NA,NA,NA,"A2",0.720149253731343,0.936567164179104
"125",579,39,4,197,2.84,1.73,0.61,0.35,NA,NA,NA,NA,NA,5.53,2.84,4.57,5.18,5.53,NA,NA,NA,NA,NA,"A3",0.826401446654611,0.936708860759494
"126",578,39,4,197,2.7,1.18,1.21,0.29,NA,NA,NA,NA,NA,5.38,2.7,3.88,5.09,5.38,NA,NA,NA,NA,NA,"A3",0.721189591078067,0.946096654275093
"127",580,39,4,197,2.34,1.12,0.96,0.17,NA,NA,NA,NA,NA,4.59,2.34,3.46,4.42,4.59,NA,NA,NA,NA,NA,"A4",0.753812636165577,0.962962962962963
"128",581,39,4,197,2.28,1.41,0.71,0.26,NA,NA,NA,NA,NA,4.66,2.28,3.69,4.4,4.66,NA,NA,NA,NA,NA,"A4",0.791845493562232,0.944206008583691
"129",584,39,4,197,2.09,1.09,0.77,0.12,NA,NA,NA,NA,NA,4.07,2.09,3.18,3.95,4.07,NA,NA,NA,NA,NA,"A6",0.781326781326781,0.97051597051597
"130",585,39,4,197,1.9,0.83,0.49,0.1,NA,NA,NA,NA,NA,3.32,1.9,2.73,3.22,3.32,NA,NA,NA,NA,NA,"A6",0.822289156626506,0.969879518072289
"131",646,44,4,188,2.05,1.2,0.69,0.47,NA,NA,NA,NA,NA,4.41,2.05,3.25,3.94,4.41,NA,NA,NA,NA,NA,"A1",0.736961451247165,0.893424036281179
"132",647,44,4,188,2.08,1.16,0.66,0.49,NA,NA,NA,NA,NA,4.39,2.08,3.24,3.9,4.39,NA,NA,NA,NA,NA,"A1",0.738041002277904,0.888382687927107
"133",651,44,4,188,1.95,1.26,0.68,0.43,NA,NA,NA,NA,NA,4.32,1.95,3.21,3.89,4.32,NA,NA,NA,NA,NA,"A2",0.743055555555555,0.900462962962963
"134",650,44,4,188,1.97,1.28,0.78,0.47,NA,NA,NA,NA,NA,4.5,1.97,3.25,4.03,4.5,NA,NA,NA,NA,NA,"A2",0.722222222222222,0.895555555555556
"135",654,44,4,188,2.11,1.29,0.76,0.4,NA,NA,NA,NA,NA,4.56,2.11,3.4,4.16,4.56,NA,NA,NA,NA,NA,"A3",0.745614035087719,0.912280701754386
"136",653,44,4,188,2.16,1.3,0.75,0.47,NA,NA,NA,NA,NA,4.68,2.16,3.46,4.21,4.68,NA,NA,NA,NA,NA,"A3",0.739316239316239,0.89957264957265
"137",656,44,4,188,1.57,1.06,0.58,0.39,NA,NA,NA,NA,NA,3.6,1.57,2.63,3.21,3.6,NA,NA,NA,NA,NA,"A4",0.730555555555556,0.891666666666667
"138",657,44,4,188,1.65,1.02,0.64,0.39,NA,NA,NA,NA,NA,3.7,1.65,2.67,3.31,3.7,NA,NA,NA,NA,NA,"A4",0.721621621621622,0.894594594594595
"139",658,44,4,188,2.28,1.33,0.75,0.41,NA,NA,NA,NA,NA,4.77,2.28,3.61,4.36,4.77,NA,NA,NA,NA,NA,"A6",0.756813417190776,0.914046121593291
"140",660,44,4,188,2.06,1.37,0.62,0.46,NA,NA,NA,NA,NA,4.51,2.06,3.43,4.05,4.51,NA,NA,NA,NA,NA,"A6",0.760532150776053,0.8980044345898
"141",677,46,4,197,1.99,1.74,0.82,0.37,NA,NA,NA,NA,NA,4.92,1.99,3.73,4.55,4.92,NA,NA,NA,NA,NA,"A1",0.758130081300813,0.92479674796748
"142",676,46,4,197,1.89,1.53,0.64,0.29,NA,NA,NA,NA,NA,4.35,1.89,3.42,4.06,4.35,NA,NA,NA,NA,NA,"A1",0.786206896551724,0.933333333333333
"143",680,46,4,197,1.92,1.7,0.88,0.41,NA,NA,NA,NA,NA,4.91,1.92,3.62,4.5,4.91,NA,NA,NA,NA,NA,"A2",0.737270875763748,0.916496945010183
"144",679,46,4,197,1.93,1.63,0.65,0.35,NA,NA,NA,NA,NA,4.56,1.93,3.56,4.21,4.56,NA,NA,NA,NA,NA,"A2",0.780701754385965,0.923245614035088
"145",682,46,4,197,1.76,1.99,0.87,0.36,NA,NA,NA,NA,NA,4.98,1.76,3.75,4.62,4.98,NA,NA,NA,NA,NA,"A3",0.753012048192771,0.927710843373494
"146",684,46,4,197,1.99,1.68,0.7,0.34,NA,NA,NA,NA,NA,4.71,1.99,3.67,4.37,4.71,NA,NA,NA,NA,NA,"A3",0.779193205944798,0.927813163481953
"147",685,46,4,197,1.64,1.33,0.89,0.32,NA,NA,NA,NA,NA,4.18,1.64,2.97,3.86,4.18,NA,NA,NA,NA,NA,"A4",0.710526315789474,0.923444976076555
"148",687,46,4,197,1.62,1.34,0.7,0.3,NA,NA,NA,NA,NA,3.96,1.62,2.96,3.66,3.96,NA,NA,NA,NA,NA,"A4",0.747474747474748,0.924242424242424
"149",689,46,4,197,1.81,1.87,0.33,0.17,NA,NA,NA,NA,NA,4.18,1.81,3.68,4.01,4.18,NA,NA,NA,NA,NA,"A6",0.880382775119617,0.95933014354067
"150",690,46,4,197,2.09,1.65,0.72,0.28,NA,NA,NA,NA,NA,4.74,2.09,3.74,4.46,4.74,NA,NA,NA,NA,NA,"A6",0.789029535864979,0.940928270042194
"151",706,48,4,181,1.77,1.51,0.38,0.17,NA,NA,NA,NA,NA,3.83,1.77,3.28,3.66,3.83,NA,NA,NA,NA,NA,"A1",0.856396866840731,0.955613577023499
"152",707,48,4,181,1.77,1.58,0.45,0.21,NA,NA,NA,NA,NA,4.01,1.77,3.35,3.8,4.01,NA,NA,NA,NA,NA,"A1",0.835411471321696,0.947630922693267
"153",710,48,4,181,1.55,0.93,0.49,0.24,NA,NA,NA,NA,NA,3.21,1.55,2.48,2.97,3.21,NA,NA,NA,NA,NA,"A2",0.772585669781931,0.925233644859813
"154",709,48,4,181,2.13,1.36,0.58,0.32,NA,NA,NA,NA,NA,4.39,2.13,3.49,4.07,4.39,NA,NA,NA,NA,NA,"A2",0.79498861047836,0.927107061503417
"155",714,48,4,181,1.62,1.15,0.48,0.26,NA,NA,NA,NA,NA,3.51,1.62,2.77,3.25,3.51,NA,NA,NA,NA,NA,"A3",0.789173789173789,0.925925925925926
"156",713,48,4,181,1.91,1.33,0.52,0.29,NA,NA,NA,NA,NA,4.05,1.91,3.24,3.76,4.05,NA,NA,NA,NA,NA,"A3",0.8,0.928395061728395
"157",716,48,4,181,1.49,0.98,0.61,0.27,NA,NA,NA,NA,NA,3.35,1.49,2.47,3.08,3.35,NA,NA,NA,NA,NA,"A4",0.737313432835821,0.919402985074627
"158",715,48,4,181,1.68,0.97,0.56,0.19,NA,NA,NA,NA,NA,3.4,1.68,2.65,3.21,3.4,NA,NA,NA,NA,NA,"A4",0.779411764705882,0.944117647058824
"159",719,48,4,181,2.14,1.48,0.45,0.25,NA,NA,NA,NA,NA,4.32,2.14,3.62,4.07,4.32,NA,NA,NA,NA,NA,"A6",0.837962962962963,0.94212962962963
"160",720,48,4,181,1.7,0.98,0.38,0.18,NA,NA,NA,NA,NA,3.24,1.7,2.68,3.06,3.24,NA,NA,NA,NA,NA,"A6",0.82716049382716,0.944444444444444
"161",753,51,4,180,1.88,1.25,1.03,0.3,NA,NA,NA,NA,NA,4.46,1.88,3.13,4.16,4.46,NA,NA,NA,NA,NA,"A1",0.701793721973094,0.932735426008969
"162",752,51,4,180,2.22,1.08,0.94,0.24,NA,NA,NA,NA,NA,4.48,2.22,3.3,4.24,4.48,NA,NA,NA,NA,NA,"A1",0.736607142857143,0.946428571428571
"163",755,51,4,180,1.66,1.06,1.1,0.32,NA,NA,NA,NA,NA,4.14,1.66,2.72,3.82,4.14,NA,NA,NA,NA,NA,"A2",0.657004830917874,0.922705314009662
"164",754,51,4,180,2.03,1.29,0.86,0.17,NA,NA,NA,NA,NA,4.35,2.03,3.32,4.18,4.35,NA,NA,NA,NA,NA,"A2",0.763218390804598,0.960919540229885
"165",757,51,4,180,1.99,1.12,1.12,0.27,NA,NA,NA,NA,NA,4.5,1.99,3.11,4.23,4.5,NA,NA,NA,NA,NA,"A3",0.691111111111111,0.94
"166",759,51,4,180,2.01,1.01,1.03,0.27,NA,NA,NA,NA,NA,4.32,2.01,3.02,4.05,4.32,NA,NA,NA,NA,NA,"A3",0.699074074074074,0.9375
"167",761,51,4,180,1.25,1.16,0.88,0.16,NA,NA,NA,NA,NA,3.45,1.25,2.41,3.29,3.45,NA,NA,NA,NA,NA,"A4",0.698550724637681,0.953623188405797
"168",762,51,4,180,1.71,1.06,0.92,0.22,NA,NA,NA,NA,NA,3.91,1.71,2.77,3.69,3.91,NA,NA,NA,NA,NA,"A4",0.70843989769821,0.943734015345268
"169",765,51,4,180,2.22,1.59,0.7,0.21,NA,NA,NA,NA,NA,4.72,2.22,3.81,4.51,4.72,NA,NA,NA,NA,NA,"A6",0.807203389830509,0.955508474576271
"170",763,51,4,180,2.14,1.24,0.79,0.25,NA,NA,NA,NA,NA,4.42,2.14,3.38,4.17,4.42,NA,NA,NA,NA,NA,"A6",0.764705882352941,0.943438914027149
"171",858,58,4,189,2.31,1.62,0.83,0.21,NA,NA,NA,NA,NA,4.97,2.31,3.93,4.76,4.97,NA,NA,NA,NA,NA,"A1",0.790744466800805,0.957746478873239
"172",856,58,4,189,2.44,1.71,0.77,0.3,NA,NA,NA,NA,NA,5.22,2.44,4.15,4.92,5.22,NA,NA,NA,NA,NA,"A1",0.795019157088123,0.942528735632184
"173",859,58,4,189,2.25,1.49,0.86,0.23,NA,NA,NA,NA,NA,4.83,2.25,3.74,4.6,4.83,NA,NA,NA,NA,NA,"A2",0.774327122153209,0.952380952380952
"174",861,58,4,189,2.31,1.44,0.84,0.27,NA,NA,NA,NA,NA,4.86,2.31,3.75,4.59,4.86,NA,NA,NA,NA,NA,"A2",0.771604938271605,0.944444444444444
"175",862,58,4,189,2.42,1.65,0.8,0.29,NA,NA,NA,NA,NA,5.16,2.42,4.07,4.87,5.16,NA,NA,NA,NA,NA,"A3",0.788759689922481,0.943798449612403
"176",864,58,4,189,2.43,1.9,0.57,0.31,NA,NA,NA,NA,NA,5.21,2.43,4.33,4.9,5.21,NA,NA,NA,NA,NA,"A3",0.831094049904031,0.940499040307102
"177",867,58,4,189,1.88,1.2,0.85,0.21,NA,NA,NA,NA,NA,4.14,1.88,3.08,3.93,4.14,NA,NA,NA,NA,NA,"A4",0.743961352657005,0.949275362318841
"178",866,58,4,189,1.87,1.22,0.73,0.22,NA,NA,NA,NA,NA,4.04,1.87,3.09,3.82,4.04,NA,NA,NA,NA,NA,"A4",0.764851485148515,0.945544554455445
"179",868,58,4,189,2.52,1.45,0.86,0.39,NA,NA,NA,NA,NA,5.22,2.52,3.97,4.83,5.22,NA,NA,NA,NA,NA,"A6",0.760536398467433,0.925287356321839
"180",870,58,4,189,2.32,1.41,0.67,0.29,NA,NA,NA,NA,NA,4.69,2.32,3.73,4.4,4.69,NA,NA,NA,NA,NA,"A6",0.795309168443497,0.938166311300639
"181",872,59,4,186,1.81,1.41,1.1,0.51,NA,NA,NA,NA,NA,4.83,1.81,3.22,4.32,4.83,NA,NA,NA,NA,NA,"A1",0.666666666666667,0.894409937888199
"182",873,59,4,186,1.69,1.26,1.06,0.5,NA,NA,NA,NA,NA,4.51,1.69,2.95,4.01,4.51,NA,NA,NA,NA,NA,"A1",0.65410199556541,0.889135254988914
"183",876,59,4,186,1.87,1.39,1.14,0.59,NA,NA,NA,NA,NA,4.99,1.87,3.26,4.4,4.99,NA,NA,NA,NA,NA,"A2",0.653306613226453,0.881763527054108
"184",875,59,4,186,1.89,1.24,1.07,0.52,NA,NA,NA,NA,NA,4.72,1.89,3.13,4.2,4.72,NA,NA,NA,NA,NA,"A2",0.663135593220339,0.889830508474576
"185",879,59,4,186,2.03,1.43,1.23,0.52,NA,NA,NA,NA,NA,5.21,2.03,3.46,4.69,5.21,NA,NA,NA,NA,NA,"A3",0.664107485604607,0.900191938579654
"186",878,59,4,186,1.92,1.46,1.12,0.7,NA,NA,NA,NA,NA,5.2,1.92,3.38,4.5,5.2,NA,NA,NA,NA,NA,"A3",0.65,0.865384615384615
"187",882,59,4,186,1.46,1.12,0.7,0.51,NA,NA,NA,NA,NA,3.79,1.46,2.58,3.28,3.79,NA,NA,NA,NA,NA,"A4",0.680738786279683,0.865435356200528
"188",881,59,4,186,1.44,1.01,0.77,0.46,NA,NA,NA,NA,NA,3.68,1.44,2.45,3.22,3.68,NA,NA,NA,NA,NA,"A4",0.665760869565217,0.875
"189",883,59,4,186,2.39,1.3,1.19,0.5,NA,NA,NA,NA,NA,5.38,2.39,3.69,4.88,5.38,NA,NA,NA,NA,NA,"A6",0.685873605947955,0.907063197026022
"190",885,59,4,186,1.96,1.33,0.93,0.45,NA,NA,NA,NA,NA,4.67,1.96,3.29,4.22,4.67,NA,NA,NA,NA,NA,"A6",0.704496788008565,0.903640256959315
"191",888,60,4,192,2.43,1.19,0.58,0.28,NA,NA,NA,NA,NA,4.48,2.43,3.62,4.2,4.48,NA,NA,NA,NA,NA,"A1",0.808035714285714,0.9375
"192",886,60,4,192,2.28,1.16,0.51,0.25,NA,NA,NA,NA,NA,4.2,2.28,3.44,3.95,4.2,NA,NA,NA,NA,NA,"A1",0.819047619047619,0.94047619047619
"193",890,60,4,192,2.27,1.2,0.58,0.27,NA,NA,NA,NA,NA,4.32,2.27,3.47,4.05,4.32,NA,NA,NA,NA,NA,"A2",0.803240740740741,0.9375
"194",889,60,4,192,2.58,1.22,0.61,0.27,NA,NA,NA,NA,NA,4.68,2.58,3.8,4.41,4.68,NA,NA,NA,NA,NA,"A2",0.811965811965812,0.942307692307692
"195",892,60,4,192,2.33,1.45,0.64,0.31,NA,NA,NA,NA,NA,4.73,2.33,3.78,4.42,4.73,NA,NA,NA,NA,NA,"A3",0.799154334038055,0.93446088794926
"196",893,60,4,192,2.49,1.4,0.59,0.36,NA,NA,NA,NA,NA,4.84,2.49,3.89,4.48,4.84,NA,NA,NA,NA,NA,"A3",0.803719008264463,0.925619834710744
"197",895,60,4,192,1.9,1.03,0.54,0.22,NA,NA,NA,NA,NA,3.69,1.9,2.93,3.47,3.69,NA,NA,NA,NA,NA,"A4",0.794037940379404,0.940379403794038
"198",896,60,4,192,2.4,1.21,0.64,0.29,NA,NA,NA,NA,NA,4.54,2.4,3.61,4.25,4.54,NA,NA,NA,NA,NA,"A4",0.795154185022026,0.936123348017621
"199",898,60,4,192,2.3,1.18,0.54,0.2,NA,NA,NA,NA,NA,4.22,2.3,3.48,4.02,4.22,NA,NA,NA,NA,NA,"A6",0.824644549763033,0.95260663507109
"200",899,60,4,192,2.04,1.19,0.38,0.19,NA,NA,NA,NA,NA,3.8,2.04,3.23,3.61,3.8,NA,NA,NA,NA,NA,"A6",0.85,0.95
"201",946,64,4,171,2.3,0.82,0.32,0.73,NA,NA,NA,NA,NA,4.17,2.3,3.12,3.44,4.17,NA,NA,NA,NA,NA,"A1",0.748201438848921,0.824940047961631
"202",947,64,4,171,2.14,0.71,0.47,0.69,NA,NA,NA,NA,NA,4.01,2.14,2.85,3.32,4.01,NA,NA,NA,NA,NA,"A1",0.71072319201995,0.827930174563591
"203",951,64,4,171,2.33,0.66,0.43,0.62,NA,NA,NA,NA,NA,4.04,2.33,2.99,3.42,4.04,NA,NA,NA,NA,NA,"A2",0.74009900990099,0.846534653465347
"204",949,64,4,171,1.88,0.69,0.44,0.55,NA,NA,NA,NA,NA,3.56,1.88,2.57,3.01,3.56,NA,NA,NA,NA,NA,"A2",0.72191011235955,0.845505617977528
"205",952,64,4,171,2.41,0.53,0.43,0.62,NA,NA,NA,NA,NA,3.99,2.41,2.94,3.37,3.99,NA,NA,NA,NA,NA,"A3",0.736842105263158,0.844611528822055
"206",953,64,4,171,2.44,0.7,0.43,0.65,NA,NA,NA,NA,NA,4.22,2.44,3.14,3.57,4.22,NA,NA,NA,NA,NA,"A3",0.744075829383886,0.845971563981043
"207",955,64,4,171,1.83,0.57,0.34,0.58,NA,NA,NA,NA,NA,3.32,1.83,2.4,2.74,3.32,NA,NA,NA,NA,NA,"A4",0.72289156626506,0.825301204819277
"208",957,64,4,171,1.85,0.41,0.29,0.81,NA,NA,NA,NA,NA,3.36,1.85,2.26,2.55,3.36,NA,NA,NA,NA,NA,"A4",0.672619047619048,0.758928571428572
"209",958,64,4,171,2.07,0.72,0.4,0.55,NA,NA,NA,NA,NA,3.74,2.07,2.79,3.19,3.74,NA,NA,NA,NA,NA,"A6",0.745989304812834,0.852941176470588
"210",960,64,4,171,2.15,0.72,0.41,0.54,NA,NA,NA,NA,NA,3.82,2.15,2.87,3.28,3.82,NA,NA,NA,NA,NA,"A6",0.75130890052356,0.858638743455498
"211",962,65,4,195,2.28,1.43,0.86,0.27,NA,NA,NA,NA,NA,4.84,2.28,3.71,4.57,4.84,NA,NA,NA,NA,NA,"A1",0.766528925619835,0.944214876033058
"212",961,65,4,195,2.36,1.61,0.91,0.34,NA,NA,NA,NA,NA,5.22,2.36,3.97,4.88,5.22,NA,NA,NA,NA,NA,"A1",0.760536398467433,0.934865900383142
"213",966,65,4,195,2.24,1.5,0.91,0.36,NA,NA,NA,NA,NA,5.01,2.24,3.74,4.65,5.01,NA,NA,NA,NA,NA,"A2",0.746506986027944,0.92814371257485
"214",965,65,4,195,2.21,1.51,0.85,0.35,NA,NA,NA,NA,NA,4.92,2.21,3.72,4.57,4.92,NA,NA,NA,NA,NA,"A2",0.75609756097561,0.928861788617886
"215",969,65,4,195,2.4,1.5,0.86,0.36,NA,NA,NA,NA,NA,5.12,2.4,3.9,4.76,5.12,NA,NA,NA,NA,NA,"A3",0.76171875,0.9296875
"216",968,65,4,195,2.21,1.51,0.85,0.3,NA,NA,NA,NA,NA,4.87,2.21,3.72,4.57,4.87,NA,NA,NA,NA,NA,"A3",0.763860369609856,0.938398357289528
"217",971,65,4,195,1.89,1.37,0.85,0.35,NA,NA,NA,NA,NA,4.46,1.89,3.26,4.11,4.46,NA,NA,NA,NA,NA,"A4",0.730941704035874,0.92152466367713
"218",970,65,4,195,1.39,1.1,0.69,0.31,NA,NA,NA,NA,NA,3.49,1.39,2.49,3.18,3.49,NA,NA,NA,NA,NA,"A4",0.713467048710602,0.911174785100286
"219",973,65,4,195,1.74,1.18,0.58,0.21,NA,NA,NA,NA,NA,3.71,1.74,2.92,3.5,3.71,NA,NA,NA,NA,NA,"A6",0.787061994609164,0.943396226415094
"220",974,65,4,195,1.22,0.76,0.44,0.15,NA,NA,NA,NA,NA,2.57,1.22,1.98,2.42,2.57,NA,NA,NA,NA,NA,"A6",0.770428015564202,0.941634241245136
"221",1006,68,4,170,1.28,1.39,1.05,0.4,NA,NA,NA,NA,NA,4.12,1.28,2.67,3.72,4.12,NA,NA,NA,NA,NA,"A1",0.648058252427184,0.902912621359223
"222",1008,68,4,170,1.17,1.36,1.17,0.41,NA,NA,NA,NA,NA,4.11,1.17,2.53,3.7,4.11,NA,NA,NA,NA,NA,"A1",0.615571776155718,0.900243309002433
"223",1011,68,4,170,1.19,1.1,0.98,0.34,NA,NA,NA,NA,NA,3.61,1.19,2.29,3.27,3.61,NA,NA,NA,NA,NA,"A2",0.634349030470914,0.905817174515235
"224",1010,68,4,170,1.19,1.22,1.04,0.27,NA,NA,NA,NA,NA,3.72,1.19,2.41,3.45,3.72,NA,NA,NA,NA,NA,"A2",0.647849462365591,0.92741935483871
"225",1012,68,4,170,1.42,1.44,1.05,0.31,NA,NA,NA,NA,NA,4.22,1.42,2.86,3.91,4.22,NA,NA,NA,NA,NA,"A3",0.677725118483412,0.92654028436019
"226",1013,68,4,170,1.41,1.34,1.07,0.28,NA,NA,NA,NA,NA,4.1,1.41,2.75,3.82,4.1,NA,NA,NA,NA,NA,"A3",0.670731707317073,0.931707317073171
"227",1017,68,4,170,1.04,0.99,0.87,0.33,NA,NA,NA,NA,NA,3.23,1.04,2.03,2.9,3.23,NA,NA,NA,NA,NA,"A4",0.628482972136223,0.897832817337461
"228",1015,68,4,170,0.98,1.07,0.88,0.32,NA,NA,NA,NA,NA,3.25,0.98,2.05,2.93,3.25,NA,NA,NA,NA,NA,"A4",0.630769230769231,0.901538461538461
"229",1020,68,4,170,1.14,1.19,0.84,0.27,NA,NA,NA,NA,NA,3.44,1.14,2.33,3.17,3.44,NA,NA,NA,NA,NA,"A6",0.677325581395349,0.921511627906977
"230",1018,68,4,170,0.81,0.89,0.64,0.1,NA,NA,NA,NA,NA,2.44,0.81,1.7,2.34,2.44,NA,NA,NA,NA,NA,"A6",0.69672131147541,0.959016393442623
"231",1112,75,4,184,1.98,1.57,0.75,0.34,NA,NA,NA,NA,NA,4.64,1.98,3.55,4.3,4.64,NA,NA,NA,NA,NA,"A1",0.765086206896552,0.926724137931034
"232",1111,75,4,184,1.86,1.49,0.73,0.3,NA,NA,NA,NA,NA,4.38,1.86,3.35,4.08,4.38,NA,NA,NA,NA,NA,"A1",0.764840182648402,0.931506849315069
"233",1114,75,4,184,1.46,1.1,0.63,0.25,NA,NA,NA,NA,NA,3.44,1.46,2.56,3.19,3.44,NA,NA,NA,NA,NA,"A2",0.744186046511628,0.927325581395349
"234",1115,75,4,184,1.71,1.33,0.72,0.32,NA,NA,NA,NA,NA,4.08,1.71,3.04,3.76,4.08,NA,NA,NA,NA,NA,"A2",0.745098039215686,0.92156862745098
"235",1119,75,4,184,1.77,1.6,0.68,0.25,NA,NA,NA,NA,NA,4.3,1.77,3.37,4.05,4.3,NA,NA,NA,NA,NA,"A3",0.783720930232558,0.941860465116279
"236",1117,75,4,184,1.97,1.6,0.73,0.32,NA,NA,NA,NA,NA,4.62,1.97,3.57,4.3,4.62,NA,NA,NA,NA,NA,"A3",0.772727272727273,0.930735930735931
"237",1122,75,4,184,1.6,1.37,0.63,0.28,NA,NA,NA,NA,NA,3.88,1.6,2.97,3.6,3.88,NA,NA,NA,NA,NA,"A4",0.765463917525773,0.927835051546392
"238",1120,75,4,184,1.31,1.03,0.56,0.24,NA,NA,NA,NA,NA,3.14,1.31,2.34,2.9,3.14,NA,NA,NA,NA,NA,"A4",0.745222929936306,0.923566878980892
"239",1125,75,4,184,1.34,1.04,0.43,0.17,NA,NA,NA,NA,NA,2.98,1.34,2.38,2.81,2.98,NA,NA,NA,NA,NA,"A6",0.798657718120805,0.942953020134228
"240",1123,75,4,184,1.6,1.21,0.41,0.2,NA,NA,NA,NA,NA,3.42,1.6,2.81,3.22,3.42,NA,NA,NA,NA,NA,"A6",0.821637426900585,0.941520467836257
"241",1128,76,4,198,2.64,1.33,1.04,0.37,NA,NA,NA,NA,NA,5.38,2.64,3.97,5.01,5.38,NA,NA,NA,NA,NA,"A1",0.737918215613383,0.931226765799256
"242",1126,76,4,198,2.42,1.26,0.84,0.34,NA,NA,NA,NA,NA,4.86,2.42,3.68,4.52,4.86,NA,NA,NA,NA,NA,"A1",0.757201646090535,0.930041152263374
"243",1130,76,4,198,2.28,1.6,1.04,0.36,NA,NA,NA,NA,NA,5.28,2.28,3.88,4.92,5.28,NA,NA,NA,NA,NA,"A2",0.734848484848485,0.931818181818182
"244",1131,76,4,198,2.35,1.49,0.89,0.34,NA,NA,NA,NA,NA,5.07,2.35,3.84,4.73,5.07,NA,NA,NA,NA,NA,"A2",0.757396449704142,0.932938856015779
"245",1132,76,4,198,2.25,1.42,0.9,0.25,NA,NA,NA,NA,NA,4.82,2.25,3.67,4.57,4.82,NA,NA,NA,NA,NA,"A3",0.761410788381743,0.948132780082988
"246",1133,76,4,198,2.56,1.59,1.13,0.3,NA,NA,NA,NA,NA,5.58,2.56,4.15,5.28,5.58,NA,NA,NA,NA,NA,"A3",0.743727598566308,0.946236559139785
"247",1135,76,4,198,1.59,0.81,0.74,0.34,NA,NA,NA,NA,NA,3.48,1.59,2.4,3.14,3.48,NA,NA,NA,NA,NA,"A4",0.689655172413793,0.902298850574713
"248",1137,76,4,198,2,1.15,0.74,0.28,NA,NA,NA,NA,NA,4.17,2,3.15,3.89,4.17,NA,NA,NA,NA,NA,"A4",0.755395683453237,0.932853717026379
"249",1139,76,4,198,2.25,1.17,0.77,0.27,NA,NA,NA,NA,NA,4.46,2.25,3.42,4.19,4.46,NA,NA,NA,NA,NA,"A6",0.766816143497758,0.939461883408072
"250",1140,76,4,198,1.5,0.73,0.44,0.12,NA,NA,NA,NA,NA,2.79,1.5,2.23,2.67,2.79,NA,NA,NA,NA,NA,"A6",0.799283154121864,0.956989247311828
"251",1156,78,4,184,1.94,1.48,0.73,0.26,NA,NA,NA,NA,NA,4.41,1.94,3.42,4.15,4.41,NA,NA,NA,NA,NA,"A1",0.775510204081633,0.941043083900227
"252",1157,78,4,184,1.9,1.46,0.73,0.27,NA,NA,NA,NA,NA,4.36,1.9,3.36,4.09,4.36,NA,NA,NA,NA,NA,"A1",0.770642201834862,0.938073394495413
"253",1160,78,4,184,1.85,1.23,0.87,0.3,NA,NA,NA,NA,NA,4.25,1.85,3.08,3.95,4.25,NA,NA,NA,NA,NA,"A2",0.724705882352941,0.929411764705882
"254",1159,78,4,184,1.88,1.28,0.76,0.27,NA,NA,NA,NA,NA,4.19,1.88,3.16,3.92,4.19,NA,NA,NA,NA,NA,"A2",0.75417661097852,0.935560859188544
"255",1163,78,4,184,2.34,1.67,0.92,0.17,NA,NA,NA,NA,NA,5.1,2.34,4.01,4.93,5.1,NA,NA,NA,NA,NA,"A3",0.786274509803922,0.966666666666667
"256",1164,78,4,184,2,1.34,0.85,0.09,NA,NA,NA,NA,NA,4.28,2,3.34,4.19,4.28,NA,NA,NA,NA,NA,"A3",0.780373831775701,0.978971962616822
"257",1166,78,4,184,1.17,1.03,0.63,0.24,NA,NA,NA,NA,NA,3.07,1.17,2.2,2.83,3.07,NA,NA,NA,NA,NA,"A4",0.716612377850163,0.921824104234528
"258",1167,78,4,184,1.54,1.33,0.66,0.27,NA,NA,NA,NA,NA,3.8,1.54,2.87,3.53,3.8,NA,NA,NA,NA,NA,"A4",0.755263157894737,0.928947368421053
"259",1168,78,4,184,2.12,1.46,0.66,0.31,NA,NA,NA,NA,NA,4.55,2.12,3.58,4.24,4.55,NA,NA,NA,NA,NA,"A6",0.786813186813187,0.931868131868132
"260",1170,78,4,184,1.85,1.58,0.51,0.31,NA,NA,NA,NA,NA,4.25,1.85,3.43,3.94,4.25,NA,NA,NA,NA,NA,"A6",0.807058823529412,0.927058823529412
"261",1292,87,4,179,2.1,1.21,0.79,0.38,NA,NA,NA,NA,NA,4.48,2.1,3.31,4.1,4.48,NA,NA,NA,NA,NA,"A1",0.738839285714286,0.915178571428571
"262",1293,87,4,179,1.8,1.71,0.85,0.47,NA,NA,NA,NA,NA,4.83,1.8,3.51,4.36,4.83,NA,NA,NA,NA,NA,"A1",0.726708074534161,0.902691511387163
"263",1296,87,4,179,1.97,1.26,0.89,0.58,NA,NA,NA,NA,NA,4.7,1.97,3.23,4.12,4.7,NA,NA,NA,NA,NA,"A2",0.687234042553191,0.876595744680851
"264",1294,87,4,179,1.97,1.67,0.91,0.5,NA,NA,NA,NA,NA,5.05,1.97,3.64,4.55,5.05,NA,NA,NA,NA,NA,"A2",0.720792079207921,0.900990099009901
"265",1297,87,4,179,1.86,1.48,0.84,0.45,NA,NA,NA,NA,NA,4.63,1.86,3.34,4.18,4.63,NA,NA,NA,NA,NA,"A3",0.721382289416847,0.90280777537797
"266",1299,87,4,179,2.11,1.38,0.73,0.47,NA,NA,NA,NA,NA,4.69,2.11,3.49,4.22,4.69,NA,NA,NA,NA,NA,"A3",0.744136460554371,0.899786780383795
"267",1302,87,4,179,1.48,1.03,0.59,0.25,NA,NA,NA,NA,NA,3.35,1.48,2.51,3.1,3.35,NA,NA,NA,NA,NA,"A4",0.749253731343284,0.925373134328358
"268",1301,87,4,179,1.23,0.99,0.46,0.33,NA,NA,NA,NA,NA,3.01,1.23,2.22,2.68,3.01,NA,NA,NA,NA,NA,"A4",0.737541528239203,0.890365448504983
"269",1304,87,4,179,1.87,1.15,0.59,0.37,NA,NA,NA,NA,NA,3.98,1.87,3.02,3.61,3.98,NA,NA,NA,NA,NA,"A6",0.758793969849246,0.907035175879397
"270",1303,87,4,179,1.95,1.41,0.58,0.38,NA,NA,NA,NA,NA,4.32,1.95,3.36,3.94,4.32,NA,NA,NA,NA,NA,"A6",0.777777777777778,0.912037037037037
"271",1336,90,4,205,2.43,1.49,0.76,0.45,NA,NA,NA,NA,NA,5.13,2.43,3.92,4.68,5.13,NA,NA,NA,NA,NA,"A1",0.764132553606238,0.912280701754386
"272",1338,90,4,205,2.42,1.52,0.84,0.41,NA,NA,NA,NA,NA,5.19,2.42,3.94,4.78,5.19,NA,NA,NA,NA,NA,"A1",0.759152215799615,0.921001926782274
"273",1341,90,4,205,2.38,1.58,0.81,0.48,NA,NA,NA,NA,NA,5.25,2.38,3.96,4.77,5.25,NA,NA,NA,NA,NA,"A2",0.754285714285714,0.908571428571428
"274",1340,90,4,205,2.23,1.47,0.87,0.43,NA,NA,NA,NA,NA,5,2.23,3.7,4.57,5,NA,NA,NA,NA,NA,"A2",0.74,0.914
"275",1343,90,4,205,2.64,1.47,0.82,0.59,NA,NA,NA,NA,NA,5.52,2.64,4.11,4.93,5.52,NA,NA,NA,NA,NA,"A3",0.744565217391304,0.893115942028986
"276",1344,90,4,205,2.42,1.51,0.72,0.32,NA,NA,NA,NA,NA,4.97,2.42,3.93,4.65,4.97,NA,NA,NA,NA,NA,"A3",0.790744466800805,0.935613682092555
"277",1345,90,4,205,1.84,1.17,0.69,0.39,NA,NA,NA,NA,NA,4.09,1.84,3.01,3.7,4.09,NA,NA,NA,NA,NA,"A4",0.735941320293399,0.904645476772616
"278",1346,90,4,205,1.72,1.14,0.59,0.39,NA,NA,NA,NA,NA,3.84,1.72,2.86,3.45,3.84,NA,NA,NA,NA,NA,"A4",0.744791666666667,0.8984375
"279",1350,90,4,205,2.29,1.08,0.53,0.28,NA,NA,NA,NA,NA,4.18,2.29,3.37,3.9,4.18,NA,NA,NA,NA,NA,"A6",0.80622009569378,0.933014354066986
"280",1349,90,4,205,2.64,1.17,0.65,0.41,NA,NA,NA,NA,NA,4.87,2.64,3.81,4.46,4.87,NA,NA,NA,NA,NA,"A6",0.782340862422998,0.915811088295688
"281",1351,91,4,157,1.48,1.01,0.83,0.24,NA,NA,NA,NA,NA,3.56,1.48,2.49,3.32,3.56,NA,NA,NA,NA,NA,"A1",0.699438202247191,0.932584269662921
"282",1353,91,4,157,1.68,1.13,0.92,0.26,NA,NA,NA,NA,NA,3.99,1.68,2.81,3.73,3.99,NA,NA,NA,NA,NA,"A1",0.704260651629073,0.934837092731829
"283",1356,91,4,157,1.56,1.1,1.11,0.22,NA,NA,NA,NA,NA,3.99,1.56,2.66,3.77,3.99,NA,NA,NA,NA,NA,"A2",0.666666666666667,0.944862155388471
"284",1355,91,4,157,1.61,1.2,1.13,0.26,NA,NA,NA,NA,NA,4.2,1.61,2.81,3.94,4.2,NA,NA,NA,NA,NA,"A2",0.669047619047619,0.938095238095238
"285",1357,91,4,157,1.51,1.01,0.85,0.17,NA,NA,NA,NA,NA,3.54,1.51,2.52,3.37,3.54,NA,NA,NA,NA,NA,"A3",0.711864406779661,0.951977401129944
"286",1359,91,4,157,1.48,0.99,0.88,0.21,NA,NA,NA,NA,NA,3.56,1.48,2.47,3.35,3.56,NA,NA,NA,NA,NA,"A3",0.693820224719101,0.941011235955056
"287",1361,91,4,157,1.06,0.84,0.55,0.17,NA,NA,NA,NA,NA,2.62,1.06,1.9,2.45,2.62,NA,NA,NA,NA,NA,"A4",0.725190839694656,0.935114503816794
"288",1360,91,4,157,0.83,0.43,0.65,0.13,NA,NA,NA,NA,NA,2.04,0.83,1.26,1.91,2.04,NA,NA,NA,NA,NA,"A4",0.617647058823529,0.936274509803922
"289",1364,91,4,157,1.47,1.07,0.72,0.14,NA,NA,NA,NA,NA,3.4,1.47,2.54,3.26,3.4,NA,NA,NA,NA,NA,"A6",0.747058823529412,0.958823529411765
"290",1365,91,4,157,1.45,1.03,0.72,0.17,NA,NA,NA,NA,NA,3.37,1.45,2.48,3.2,3.37,NA,NA,NA,NA,NA,"A6",0.735905044510386,0.949554896142433
"291",1381,93,4,192,2.27,1.35,0.79,0.41,NA,NA,NA,NA,NA,4.82,2.27,3.62,4.41,4.82,NA,NA,NA,NA,NA,"A1",0.75103734439834,0.9149377593361
"292",1382,93,4,192,2.22,1.3,0.73,0.4,NA,NA,NA,NA,NA,4.65,2.22,3.52,4.25,4.65,NA,NA,NA,NA,NA,"A1",0.756989247311828,0.913978494623656
"293",1384,93,4,192,2.27,1.39,0.82,0.49,NA,NA,NA,NA,NA,4.97,2.27,3.66,4.48,4.97,NA,NA,NA,NA,NA,"A2",0.736418511066398,0.901408450704225
"294",1385,93,4,192,2.26,1.42,0.86,0.56,NA,NA,NA,NA,NA,5.1,2.26,3.68,4.54,5.1,NA,NA,NA,NA,NA,"A2",0.72156862745098,0.890196078431373
"295",1388,93,4,192,2.48,1.47,0.86,0.36,NA,NA,NA,NA,NA,5.17,2.48,3.95,4.81,5.17,NA,NA,NA,NA,NA,"A3",0.764023210831722,0.93036750483559
"296",1387,93,4,192,2.2,1.46,0.74,0.44,NA,NA,NA,NA,NA,4.84,2.2,3.66,4.4,4.84,NA,NA,NA,NA,NA,"A3",0.756198347107438,0.909090909090909
"297",1392,93,4,192,1.9,1.13,0.76,0.42,NA,NA,NA,NA,NA,4.21,1.9,3.03,3.79,4.21,NA,NA,NA,NA,NA,"A4",0.719714964370546,0.900237529691211
"298",1390,93,4,192,1.74,1.19,0.69,0.44,NA,NA,NA,NA,NA,4.06,1.74,2.93,3.62,4.06,NA,NA,NA,NA,NA,"A4",0.721674876847291,0.891625615763547
"299",1394,93,4,192,1.75,0.98,0.56,0.22,NA,NA,NA,NA,NA,3.51,1.75,2.73,3.29,3.51,NA,NA,NA,NA,NA,"A6",0.777777777777778,0.937321937321937
"300",1395,93,4,192,1.95,1.02,0.55,0.25,NA,NA,NA,NA,NA,3.77,1.95,2.97,3.52,3.77,NA,NA,NA,NA,NA,"A6",0.787798408488064,0.93368700265252
"301",1517,102,4,205,2.26,1.34,1.02,0.42,NA,NA,NA,NA,NA,5.04,2.26,3.6,4.62,5.04,NA,NA,NA,NA,NA,"A1",0.714285714285714,0.916666666666667
"302",1516,102,4,205,2.28,1.38,1.06,0.43,NA,NA,NA,NA,NA,5.15,2.28,3.66,4.72,5.15,NA,NA,NA,NA,NA,"A1",0.710679611650485,0.916504854368932
"303",1519,102,4,205,2.42,1.38,1.09,0.51,NA,NA,NA,NA,NA,5.4,2.42,3.8,4.89,5.4,NA,NA,NA,NA,NA,"A2",0.703703703703704,0.905555555555555
"304",1520,102,4,205,2.48,1.28,1.14,0.58,NA,NA,NA,NA,NA,5.48,2.48,3.76,4.9,5.48,NA,NA,NA,NA,NA,"A2",0.686131386861314,0.894160583941606
"305",1522,102,4,205,2.45,1.46,1.01,0.47,NA,NA,NA,NA,NA,5.39,2.45,3.91,4.92,5.39,NA,NA,NA,NA,NA,"A3",0.725417439703154,0.912801484230056
"306",1523,102,4,205,2.23,1.66,0.73,0.45,NA,NA,NA,NA,NA,5.07,2.23,3.89,4.62,5.07,NA,NA,NA,NA,NA,"A3",0.767258382642998,0.911242603550296
"307",1527,102,4,205,1.71,0.91,0.79,0.26,NA,NA,NA,NA,NA,3.67,1.71,2.62,3.41,3.67,NA,NA,NA,NA,NA,"A4",0.713896457765668,0.929155313351499
"308",1525,102,4,205,1.87,1.02,0.83,0.39,NA,NA,NA,NA,NA,4.11,1.87,2.89,3.72,4.11,NA,NA,NA,NA,NA,"A4",0.70316301703163,0.905109489051095
"309",1530,102,4,205,1.91,0.86,0.72,0.27,NA,NA,NA,NA,NA,3.76,1.91,2.77,3.49,3.76,NA,NA,NA,NA,NA,"A6",0.736702127659575,0.928191489361702
"310",1529,102,4,205,2.59,1.44,0.8,0.3,NA,NA,NA,NA,NA,5.13,2.59,4.03,4.83,5.13,NA,NA,NA,NA,NA,"A6",0.785575048732943,0.941520467836257
"311",1606,108,4,194,1.89,1.38,0.66,0.35,NA,NA,NA,NA,NA,4.28,1.89,3.27,3.93,4.28,NA,NA,NA,NA,NA,"A1",0.764018691588785,0.91822429906542
"312",1607,108,4,194,2.09,1.58,0.8,0.4,NA,NA,NA,NA,NA,4.87,2.09,3.67,4.47,4.87,NA,NA,NA,NA,NA,"A1",0.753593429158111,0.917864476386037
"313",1609,108,4,194,2.17,1.52,0.84,0.45,NA,NA,NA,NA,NA,4.98,2.17,3.69,4.53,4.98,NA,NA,NA,NA,NA,"A2",0.740963855421687,0.909638554216867
"314",1610,108,4,194,1.94,1.55,0.83,0.46,NA,NA,NA,NA,NA,4.78,1.94,3.49,4.32,4.78,NA,NA,NA,NA,NA,"A2",0.730125523012552,0.903765690376569
"315",1614,108,4,194,2.16,1.51,0.86,0.43,NA,NA,NA,NA,NA,4.96,2.16,3.67,4.53,4.96,NA,NA,NA,NA,NA,"A3",0.73991935483871,0.913306451612903
"316",1613,108,4,194,2.02,1.48,0.86,0.37,NA,NA,NA,NA,NA,4.73,2.02,3.5,4.36,4.73,NA,NA,NA,NA,NA,"A3",0.739957716701903,0.921775898520085
"317",1617,108,4,194,1.66,1.06,0.7,0.36,NA,NA,NA,NA,NA,3.78,1.66,2.72,3.42,3.78,NA,NA,NA,NA,NA,"A4",0.71957671957672,0.904761904761905
"318",1616,108,4,194,1.45,1.18,0.68,0.28,NA,NA,NA,NA,NA,3.59,1.45,2.63,3.31,3.59,NA,NA,NA,NA,NA,"A4",0.732590529247911,0.922005571030641
"319",1619,108,4,194,2.21,1.34,0.71,0.28,NA,NA,NA,NA,NA,4.54,2.21,3.55,4.26,4.54,NA,NA,NA,NA,NA,"A6",0.781938325991189,0.938325991189427
"320",1620,108,4,194,1.87,1.15,0.57,0.24,NA,NA,NA,NA,NA,3.83,1.87,3.02,3.59,3.83,NA,NA,NA,NA,NA,"A6",0.788511749347258,0.93733681462141
"321",1653,111,4,178,2.18,1.3,0.68,0.18,NA,NA,NA,NA,NA,4.34,2.18,3.48,4.16,4.34,NA,NA,NA,NA,NA,"A1",0.80184331797235,0.95852534562212
"322",1651,111,4,178,2.14,1.08,0.68,0.13,NA,NA,NA,NA,NA,4.03,2.14,3.22,3.9,4.03,NA,NA,NA,NA,NA,"A1",0.799007444168734,0.967741935483871
"323",1656,111,4,178,2.22,1.24,0.75,0.28,NA,NA,NA,NA,NA,4.49,2.22,3.46,4.21,4.49,NA,NA,NA,NA,NA,"A2",0.770601336302895,0.937639198218263
"324",1655,111,4,178,2.14,1.34,0.71,0.26,NA,NA,NA,NA,NA,4.45,2.14,3.48,4.19,4.45,NA,NA,NA,NA,NA,"A2",0.782022471910112,0.941573033707865
"325",1659,111,4,178,2.59,1.32,0.8,0.22,NA,NA,NA,NA,NA,4.93,2.59,3.91,4.71,4.93,NA,NA,NA,NA,NA,"A3",0.793103448275862,0.955375253549696
"326",1657,111,4,178,2.19,1.26,0.73,0.19,NA,NA,NA,NA,NA,4.37,2.19,3.45,4.18,4.37,NA,NA,NA,NA,NA,"A3",0.789473684210526,0.956521739130435
"327",1661,111,4,178,2.01,1.07,0.4,0.24,NA,NA,NA,NA,NA,3.72,2.01,3.08,3.48,3.72,NA,NA,NA,NA,NA,"A4",0.827956989247312,0.935483870967742
"328",1660,111,4,178,1.96,1.13,0.58,0.15,NA,NA,NA,NA,NA,3.82,1.96,3.09,3.67,3.82,NA,NA,NA,NA,NA,"A4",0.808900523560209,0.960732984293194
"329",1665,111,4,178,2.24,1.15,0.5,0.18,NA,NA,NA,NA,NA,4.07,2.24,3.39,3.89,4.07,NA,NA,NA,NA,NA,"A6",0.832923832923833,0.955773955773956
"330",1664,111,4,178,2.46,1.32,0.6,0.15,NA,NA,NA,NA,NA,4.53,2.46,3.78,4.38,4.53,NA,NA,NA,NA,NA,"A6",0.834437086092715,0.966887417218543
"331",1713,115,4,179,1.71,1.33,0.77,0.29,NA,NA,NA,NA,NA,4.1,1.71,3.04,3.81,4.1,NA,NA,NA,NA,NA,"A1",0.741463414634146,0.929268292682927
"332",1711,115,4,179,1.93,1.39,0.8,0.34,NA,NA,NA,NA,NA,4.46,1.93,3.32,4.12,4.46,NA,NA,NA,NA,NA,"A1",0.744394618834081,0.923766816143498
"333",1714,115,4,179,1.56,1.1,0.72,0.19,NA,NA,NA,NA,NA,3.57,1.56,2.66,3.38,3.57,NA,NA,NA,NA,NA,"A2",0.745098039215686,0.946778711484594
"334",1715,115,4,179,1.64,1.29,0.78,0.22,NA,NA,NA,NA,NA,3.93,1.64,2.93,3.71,3.93,NA,NA,NA,NA,NA,"A2",0.745547073791349,0.944020356234097
"335",1719,115,4,179,1.8,1.23,0.71,0.25,NA,NA,NA,NA,NA,3.99,1.8,3.03,3.74,3.99,NA,NA,NA,NA,NA,"A3",0.759398496240602,0.93734335839599
"336",1717,115,4,179,2.04,1.46,0.9,0.25,NA,NA,NA,NA,NA,4.65,2.04,3.5,4.4,4.65,NA,NA,NA,NA,NA,"A3",0.752688172043011,0.946236559139785
"337",1721,115,4,179,1.55,1.1,0.65,0.27,NA,NA,NA,NA,NA,3.57,1.55,2.65,3.3,3.57,NA,NA,NA,NA,NA,"A4",0.742296918767507,0.92436974789916
"338",1722,115,4,179,1.51,1.1,0.65,0.31,NA,NA,NA,NA,NA,3.57,1.51,2.61,3.26,3.57,NA,NA,NA,NA,NA,"A4",0.73109243697479,0.913165266106443
"339",1723,115,4,179,2.03,1.31,0.86,0.23,NA,NA,NA,NA,NA,4.43,2.03,3.34,4.2,4.43,NA,NA,NA,NA,NA,"A6",0.753950338600451,0.948081264108352
"340",1724,115,4,179,1.79,1.18,0.63,0.23,NA,NA,NA,NA,NA,3.83,1.79,2.97,3.6,3.83,NA,NA,NA,NA,NA,"A6",0.775456919060052,0.939947780678851
"341",1772,119,4,198,1.81,1.35,0.95,0.51,NA,NA,NA,NA,NA,4.62,1.81,3.16,4.11,4.62,NA,NA,NA,NA,NA,"A1",0.683982683982684,0.88961038961039
"342",1771,119,4,198,1.93,1.28,0.78,0.44,NA,NA,NA,NA,NA,4.43,1.93,3.21,3.99,4.43,NA,NA,NA,NA,NA,"A1",0.724604966139955,0.900677200902935
"343",1774,119,4,198,2.02,1.3,0.84,0.53,NA,NA,NA,NA,NA,4.69,2.02,3.32,4.16,4.69,NA,NA,NA,NA,NA,"A2",0.707889125799574,0.886993603411514
"344",1776,119,4,198,2.04,1.44,0.75,0.57,NA,NA,NA,NA,NA,4.8,2.04,3.48,4.23,4.8,NA,NA,NA,NA,NA,"A2",0.725,0.88125
"345",1778,119,4,198,1.9,1.74,0.67,0.45,NA,NA,NA,NA,NA,4.76,1.9,3.64,4.31,4.76,NA,NA,NA,NA,NA,"A3",0.764705882352941,0.90546218487395
"346",1777,119,4,198,2.12,1.38,0.73,0.45,NA,NA,NA,NA,NA,4.68,2.12,3.5,4.23,4.68,NA,NA,NA,NA,NA,"A3",0.747863247863248,0.903846153846154
"347",1782,119,4,198,1.67,1.04,0.67,0.45,NA,NA,NA,NA,NA,3.83,1.67,2.71,3.38,3.83,NA,NA,NA,NA,NA,"A4",0.70757180156658,0.882506527415144
"348",1781,119,4,198,1.44,0.88,0.66,0.37,NA,NA,NA,NA,NA,3.35,1.44,2.32,2.98,3.35,NA,NA,NA,NA,NA,"A4",0.692537313432836,0.88955223880597
"349",1783,119,4,198,1.92,1.37,0.62,0.37,NA,NA,NA,NA,NA,4.28,1.92,3.29,3.91,4.28,NA,NA,NA,NA,NA,"A6",0.768691588785047,0.913551401869159
"350",1785,119,4,198,1.86,1.14,0.67,0.38,NA,NA,NA,NA,NA,4.05,1.86,3,3.67,4.05,NA,NA,NA,NA,NA,"A6",0.740740740740741,0.906172839506173
"351",1982,133,4,178,1.46,2.04,0.98,0.45,NA,NA,NA,NA,NA,4.93,1.46,3.5,4.48,4.93,NA,NA,NA,NA,NA,"A1",0.709939148073022,0.908722109533469
"352",1981,133,4,178,1.33,1.93,1.01,0.42,NA,NA,NA,NA,NA,4.69,1.33,3.26,4.27,4.69,NA,NA,NA,NA,NA,"A1",0.695095948827292,0.91044776119403
"353",1985,133,4,178,1.45,2.01,1.13,0.6,NA,NA,NA,NA,NA,5.19,1.45,3.46,4.59,5.19,NA,NA,NA,NA,NA,"A2",0.666666666666667,0.884393063583815
"354",1984,133,4,178,1.16,1.67,0.73,0.33,NA,NA,NA,NA,NA,3.89,1.16,2.83,3.56,3.89,NA,NA,NA,NA,NA,"A2",0.727506426735218,0.915167095115681
"355",1987,133,4,178,1.42,1.97,0.9,0.47,NA,NA,NA,NA,NA,4.76,1.42,3.39,4.29,4.76,NA,NA,NA,NA,NA,"A3",0.71218487394958,0.901260504201681
"356",1988,133,4,178,1.27,1.91,0.91,0.52,NA,NA,NA,NA,NA,4.61,1.27,3.18,4.09,4.61,NA,NA,NA,NA,NA,"A3",0.689804772234273,0.887201735357917
"357",1992,133,4,178,1.29,1.53,0.89,0.41,NA,NA,NA,NA,NA,4.12,1.29,2.82,3.71,4.12,NA,NA,NA,NA,NA,"A4",0.684466019417476,0.900485436893204
"358",1991,133,4,178,1.44,1.76,0.99,0.43,NA,NA,NA,NA,NA,4.62,1.44,3.2,4.19,4.62,NA,NA,NA,NA,NA,"A4",0.692640692640693,0.906926406926407
"359",1993,133,4,178,1.52,1.89,1.06,0.37,NA,NA,NA,NA,NA,4.84,1.52,3.41,4.47,4.84,NA,NA,NA,NA,NA,"A6",0.704545454545455,0.923553719008265
"360",1995,133,4,178,1.23,1.5,0.78,0.26,NA,NA,NA,NA,NA,3.77,1.23,2.73,3.51,3.77,NA,NA,NA,NA,NA,"A6",0.724137931034483,0.931034482758621
"361",2146,144,4,192,1.74,1.79,0.84,0.48,NA,NA,NA,NA,NA,4.85,1.74,3.53,4.37,4.85,NA,NA,NA,NA,NA,"A1",0.727835051546392,0.901030927835052
"362",2148,144,4,192,1.59,1.76,0.82,0.47,NA,NA,NA,NA,NA,4.64,1.59,3.35,4.17,4.64,NA,NA,NA,NA,NA,"A1",0.72198275862069,0.898706896551724
"363",2150,144,4,192,1.76,1.71,0.77,0.49,NA,NA,NA,NA,NA,4.73,1.76,3.47,4.24,4.73,NA,NA,NA,NA,NA,"A2",0.733615221987315,0.896405919661734
"364",2151,144,4,192,1.72,1.57,0.78,0.41,NA,NA,NA,NA,NA,4.48,1.72,3.29,4.07,4.48,NA,NA,NA,NA,NA,"A2",0.734375,0.908482142857143
"365",2154,144,4,192,1.7,1.91,0.65,0.45,NA,NA,NA,NA,NA,4.71,1.7,3.61,4.26,4.71,NA,NA,NA,NA,NA,"A3",0.766454352441614,0.904458598726115
"366",2152,144,4,192,1.92,1.89,0.82,0.55,NA,NA,NA,NA,NA,5.18,1.92,3.81,4.63,5.18,NA,NA,NA,NA,NA,"A3",0.735521235521235,0.893822393822394
"367",2156,144,4,192,1.19,1.2,0.62,0.39,NA,NA,NA,NA,NA,3.4,1.19,2.39,3.01,3.4,NA,NA,NA,NA,NA,"A4",0.702941176470588,0.885294117647059
"368",2157,144,4,192,1.23,1.34,0.65,0.34,NA,NA,NA,NA,NA,3.56,1.23,2.57,3.22,3.56,NA,NA,NA,NA,NA,"A4",0.721910112359551,0.904494382022472
"369",2159,144,4,192,1.67,1.67,0.71,0.45,NA,NA,NA,NA,NA,4.5,1.67,3.34,4.05,4.5,NA,NA,NA,NA,NA,"A6",0.742222222222222,0.9
"370",2158,144,4,192,1.87,1.82,0.88,0.38,NA,NA,NA,NA,NA,4.95,1.87,3.69,4.57,4.95,NA,NA,NA,NA,NA,"A6",0.745454545454545,0.923232323232323
"371",2163,145,4,188,1.89,1.52,0.79,0.18,NA,NA,NA,NA,NA,4.38,1.89,3.41,4.2,4.38,NA,NA,NA,NA,NA,"A1",0.778538812785388,0.958904109589041
"372",2161,145,4,188,1.97,1.45,0.65,0.26,NA,NA,NA,NA,NA,4.33,1.97,3.42,4.07,4.33,NA,NA,NA,NA,NA,"A1",0.789838337182448,0.939953810623557
"373",2164,145,4,188,2.06,1.46,0.75,0.2,NA,NA,NA,NA,NA,4.47,2.06,3.52,4.27,4.47,NA,NA,NA,NA,NA,"A2",0.787472035794183,0.955257270693512
"374",2166,145,4,188,2.17,1.23,0.59,0.25,NA,NA,NA,NA,NA,4.24,2.17,3.4,3.99,4.24,NA,NA,NA,NA,NA,"A2",0.80188679245283,0.941037735849056
"375",2169,145,4,188,2.5,1.46,0.73,0.38,NA,NA,NA,NA,NA,5.07,2.5,3.96,4.69,5.07,NA,NA,NA,NA,NA,"A3",0.781065088757396,0.925049309664694
"376",2168,145,4,188,2.53,1.59,0.88,0.26,NA,NA,NA,NA,NA,5.26,2.53,4.12,5,5.26,NA,NA,NA,NA,NA,"A3",0.783269961977186,0.950570342205323
"377",2171,145,4,188,1.61,1.1,0.68,0.19,NA,NA,NA,NA,NA,3.58,1.61,2.71,3.39,3.58,NA,NA,NA,NA,NA,"A4",0.756983240223464,0.946927374301676
"378",2172,145,4,188,1.8,1.02,0.6,0.2,NA,NA,NA,NA,NA,3.62,1.8,2.82,3.42,3.62,NA,NA,NA,NA,NA,"A4",0.779005524861878,0.94475138121547
"379",2175,145,4,188,2,1.08,0.67,0.2,NA,NA,NA,NA,NA,3.95,2,3.08,3.75,3.95,NA,NA,NA,NA,NA,"A6",0.779746835443038,0.949367088607595
"380",2173,145,4,188,2.6,1.52,0.75,0.26,NA,NA,NA,NA,NA,5.13,2.6,4.12,4.87,5.13,NA,NA,NA,NA,NA,"A6",0.803118908382066,0.949317738791423
"381",2298,154,4,191,2.04,1.33,1.1,0.23,NA,NA,NA,NA,NA,4.7,2.04,3.37,4.47,4.7,NA,NA,NA,NA,NA,"A1",0.717021276595745,0.951063829787234
"382",2296,154,4,191,1.93,1.28,0.96,0.3,NA,NA,NA,NA,NA,4.47,1.93,3.21,4.17,4.47,NA,NA,NA,NA,NA,"A1",0.718120805369128,0.932885906040268
"383",2300,154,4,191,1.57,1.09,0.79,0.27,NA,NA,NA,NA,NA,3.72,1.57,2.66,3.45,3.72,NA,NA,NA,NA,NA,"A2",0.71505376344086,0.92741935483871
"384",2301,154,4,191,1.99,1.28,1.08,0.36,NA,NA,NA,NA,NA,4.71,1.99,3.27,4.35,4.71,NA,NA,NA,NA,NA,"A2",0.694267515923567,0.923566878980892
"385",2304,154,4,191,2.21,1.46,0.99,0.37,NA,NA,NA,NA,NA,5.03,2.21,3.67,4.66,5.03,NA,NA,NA,NA,NA,"A3",0.72962226640159,0.926441351888668
"386",2302,154,4,191,1.86,1.35,0.78,0.28,NA,NA,NA,NA,NA,4.27,1.86,3.21,3.99,4.27,NA,NA,NA,NA,NA,"A3",0.751756440281031,0.934426229508197
"387",2307,154,4,191,1.63,1.02,0.86,0.24,NA,NA,NA,NA,NA,3.75,1.63,2.65,3.51,3.75,NA,NA,NA,NA,NA,"A4",0.706666666666667,0.936
"388",2306,154,4,191,1.66,1.03,0.89,0.24,NA,NA,NA,NA,NA,3.82,1.66,2.69,3.58,3.82,NA,NA,NA,NA,NA,"A4",0.704188481675393,0.93717277486911
"389",2308,154,4,191,1.72,1.02,0.74,0.29,NA,NA,NA,NA,NA,3.77,1.72,2.74,3.48,3.77,NA,NA,NA,NA,NA,"A6",0.726790450928382,0.923076923076923
"390",2310,154,4,191,2.28,1.37,1.01,0.28,NA,NA,NA,NA,NA,4.94,2.28,3.65,4.66,4.94,NA,NA,NA,NA,NA,"A6",0.738866396761134,0.94331983805668
"391",2357,158,4,187,1.56,1.36,1.22,0.54,NA,NA,NA,NA,NA,4.68,1.56,2.92,4.14,4.68,NA,NA,NA,NA,NA,"A1",0.623931623931624,0.884615384615385
"392",2358,158,4,187,1.5,1.13,1.3,0.54,NA,NA,NA,NA,NA,4.47,1.5,2.63,3.93,4.47,NA,NA,NA,NA,NA,"A1",0.588366890380313,0.879194630872483
"393",2360,158,4,187,1.55,1.42,1.18,0.43,NA,NA,NA,NA,NA,4.58,1.55,2.97,4.15,4.58,NA,NA,NA,NA,NA,"A2",0.648471615720524,0.906113537117904
"394",2359,158,4,187,1.51,1.28,1.25,0.47,NA,NA,NA,NA,NA,4.51,1.51,2.79,4.04,4.51,NA,NA,NA,NA,NA,"A2",0.618625277161863,0.895787139689579
"395",2363,158,4,187,1.56,1.41,1.41,0.47,NA,NA,NA,NA,NA,4.85,1.56,2.97,4.38,4.85,NA,NA,NA,NA,NA,"A3",0.612371134020619,0.903092783505155
"396",2364,158,4,187,1.55,1.27,1.1,0.47,NA,NA,NA,NA,NA,4.39,1.55,2.82,3.92,4.39,NA,NA,NA,NA,NA,"A3",0.642369020501139,0.892938496583144
"397",2365,158,4,187,1.33,1.19,1.05,0.45,NA,NA,NA,NA,NA,4.02,1.33,2.52,3.57,4.02,NA,NA,NA,NA,NA,"A4",0.626865671641791,0.888059701492537
"398",2367,158,4,187,1.23,1.06,1.03,0.26,NA,NA,NA,NA,NA,3.58,1.23,2.29,3.32,3.58,NA,NA,NA,NA,NA,"A4",0.639664804469274,0.927374301675978
"399",2369,158,4,187,1.51,1.22,0.99,0.33,NA,NA,NA,NA,NA,4.05,1.51,2.73,3.72,4.05,NA,NA,NA,NA,NA,"A6",0.674074074074074,0.918518518518519
"400",2370,158,4,187,1.5,1.28,0.89,0.28,NA,NA,NA,NA,NA,3.95,1.5,2.78,3.67,3.95,NA,NA,NA,NA,NA,"A6",0.70379746835443,0.929113924050633
"401",2462,165,4,186,1.75,1.13,0.58,0.33,NA,NA,NA,NA,NA,3.79,1.75,2.88,3.46,3.79,NA,NA,NA,NA,NA,"A1",0.759894459102902,0.912928759894459
"402",2461,165,4,186,1.93,1.17,0.65,0.35,NA,NA,NA,NA,NA,4.1,1.93,3.1,3.75,4.1,NA,NA,NA,NA,NA,"A1",0.75609756097561,0.914634146341463
"403",2466,165,4,186,1.98,1.33,0.79,0.43,NA,NA,NA,NA,NA,4.53,1.98,3.31,4.1,4.53,NA,NA,NA,NA,NA,"A2",0.730684326710817,0.905077262693157
"404",2464,165,4,186,2.05,1.32,0.84,0.35,NA,NA,NA,NA,NA,4.56,2.05,3.37,4.21,4.56,NA,NA,NA,NA,NA,"A2",0.739035087719298,0.923245614035088
"405",2467,165,4,186,2.18,1.33,0.86,0.42,NA,NA,NA,NA,NA,4.79,2.18,3.51,4.37,4.79,NA,NA,NA,NA,NA,"A3",0.732776617954071,0.91231732776618
"406",2468,165,4,186,2.05,1.32,0.83,0.36,NA,NA,NA,NA,NA,4.56,2.05,3.37,4.2,4.56,NA,NA,NA,NA,NA,"A3",0.739035087719298,0.921052631578947
"407",2472,165,4,186,1.45,0.98,0.56,0.39,NA,NA,NA,NA,NA,3.38,1.45,2.43,2.99,3.38,NA,NA,NA,NA,NA,"A4",0.718934911242603,0.884615384615385
"408",2470,165,4,186,1.44,0.8,0.63,0.34,NA,NA,NA,NA,NA,3.21,1.44,2.24,2.87,3.21,NA,NA,NA,NA,NA,"A4",0.697819314641745,0.894080996884735
"409",2473,165,4,186,1.52,0.81,0.5,0.13,NA,NA,NA,NA,NA,2.96,1.52,2.33,2.83,2.96,NA,NA,NA,NA,NA,"A6",0.787162162162162,0.956081081081081
"410",2474,165,4,186,1.57,1.05,0.51,0.16,NA,NA,NA,NA,NA,3.29,1.57,2.62,3.13,3.29,NA,NA,NA,NA,NA,"A6",0.796352583586626,0.951367781155015
"411",2581,173,4,196,2.18,1.42,0.58,0.32,NA,NA,NA,NA,NA,4.5,2.18,3.6,4.18,4.5,NA,NA,NA,NA,NA,"A1",0.8,0.928888888888889
"412",2583,173,4,196,2.17,1.2,0.8,0.33,NA,NA,NA,NA,NA,4.5,2.17,3.37,4.17,4.5,NA,NA,NA,NA,NA,"A1",0.748888888888889,0.926666666666667
"413",2584,173,4,196,2.24,1.16,0.77,0.4,NA,NA,NA,NA,NA,4.57,2.24,3.4,4.17,4.57,NA,NA,NA,NA,NA,"A2",0.74398249452954,0.912472647702407
"414",2586,173,4,196,2.35,1.49,0.89,0.36,NA,NA,NA,NA,NA,5.09,2.35,3.84,4.73,5.09,NA,NA,NA,NA,NA,"A2",0.754420432220039,0.929273084479371
"415",2587,173,4,196,2.4,1.5,0.64,0.33,NA,NA,NA,NA,NA,4.87,2.4,3.9,4.54,4.87,NA,NA,NA,NA,NA,"A3",0.80082135523614,0.93223819301848
"416",2589,173,4,196,2.15,1.33,0.74,0.31,NA,NA,NA,NA,NA,4.53,2.15,3.48,4.22,4.53,NA,NA,NA,NA,NA,"A3",0.768211920529801,0.931567328918322
"417",2591,173,4,196,1.68,1.01,0.69,0.24,NA,NA,NA,NA,NA,3.62,1.68,2.69,3.38,3.62,NA,NA,NA,NA,NA,"A4",0.743093922651934,0.933701657458563
"418",2592,173,4,196,1.67,1.09,0.69,0.28,NA,NA,NA,NA,NA,3.73,1.67,2.76,3.45,3.73,NA,NA,NA,NA,NA,"A4",0.739946380697051,0.924932975871314
"419",2593,173,4,196,2.23,1.35,0.8,0.3,NA,NA,NA,NA,NA,4.68,2.23,3.58,4.38,4.68,NA,NA,NA,NA,NA,"A6",0.764957264957265,0.935897435897436
"420",2594,173,4,196,2.24,1.09,0.65,0.2,NA,NA,NA,NA,NA,4.18,2.24,3.33,3.98,4.18,NA,NA,NA,NA,NA,"A6",0.796650717703349,0.952153110047847
"421",2671,179,4,195,2.26,1.45,0.63,0.35,NA,NA,NA,NA,NA,4.69,2.26,3.71,4.34,4.69,NA,NA,NA,NA,NA,"A1",0.791044776119403,0.925373134328358
"422",2672,179,4,195,2.18,1.33,0.67,0.33,NA,NA,NA,NA,NA,4.51,2.18,3.51,4.18,4.51,NA,NA,NA,NA,NA,"A1",0.778270509977827,0.926829268292683
"423",2674,179,4,195,2.25,1.47,0.64,0.38,NA,NA,NA,NA,NA,4.74,2.25,3.72,4.36,4.74,NA,NA,NA,NA,NA,"A2",0.784810126582278,0.919831223628692
"424",2676,179,4,195,2.17,1.43,0.67,0.43,NA,NA,NA,NA,NA,4.7,2.17,3.6,4.27,4.7,NA,NA,NA,NA,NA,"A2",0.765957446808511,0.908510638297872
"425",2677,179,4,195,2.48,1.38,0.73,0.37,NA,NA,NA,NA,NA,4.96,2.48,3.86,4.59,4.96,NA,NA,NA,NA,NA,"A3",0.778225806451613,0.925403225806452
"426",2679,179,4,195,2.57,1.52,0.74,0.42,NA,NA,NA,NA,NA,5.25,2.57,4.09,4.83,5.25,NA,NA,NA,NA,NA,"A3",0.779047619047619,0.92
"427",2681,179,4,195,1.81,1.19,0.54,0.27,NA,NA,NA,NA,NA,3.81,1.81,3,3.54,3.81,NA,NA,NA,NA,NA,"A4",0.78740157480315,0.929133858267717
"428",2680,179,4,195,1.78,1.23,0.55,0.31,NA,NA,NA,NA,NA,3.87,1.78,3.01,3.56,3.87,NA,NA,NA,NA,NA,"A4",0.777777777777778,0.919896640826873
"429",2683,179,4,195,2.21,1.26,0.57,0.23,NA,NA,NA,NA,NA,4.27,2.21,3.47,4.04,4.27,NA,NA,NA,NA,NA,"A6",0.812646370023419,0.946135831381733
"430",2684,179,4,195,2.34,1.19,0.55,0.35,NA,NA,NA,NA,NA,4.43,2.34,3.53,4.08,4.43,NA,NA,NA,NA,NA,"A6",0.796839729119639,0.920993227990971
"431",2731,183,4,185,1.88,1.37,1.06,0.58,NA,NA,NA,NA,NA,4.89,1.88,3.25,4.31,4.89,NA,NA,NA,NA,NA,"A1",0.664621676891616,0.881390593047035
"432",2733,183,4,185,1.8,1.32,1.22,0.49,NA,NA,NA,NA,NA,4.83,1.8,3.12,4.34,4.83,NA,NA,NA,NA,NA,"A1",0.645962732919255,0.898550724637681
"433",2735,183,4,185,1.87,1.33,1.2,0.69,NA,NA,NA,NA,NA,5.09,1.87,3.2,4.4,5.09,NA,NA,NA,NA,NA,"A2",0.6286836935167,0.864440078585462
"434",2736,183,4,185,1.8,1.27,1.28,0.68,NA,NA,NA,NA,NA,5.03,1.8,3.07,4.35,5.03,NA,NA,NA,NA,NA,"A2",0.610337972166998,0.864811133200795
"435",2739,183,4,185,1.83,1.09,1.17,0.61,NA,NA,NA,NA,NA,4.7,1.83,2.92,4.09,4.7,NA,NA,NA,NA,NA,"A3",0.621276595744681,0.870212765957447
"436",2737,183,4,185,2,1.07,1.18,0.58,NA,NA,NA,NA,NA,4.83,2,3.07,4.25,4.83,NA,NA,NA,NA,NA,"A3",0.635610766045549,0.87991718426501
"437",2741,183,4,185,1.12,0.62,0.66,0.35,NA,NA,NA,NA,NA,2.75,1.12,1.74,2.4,2.75,NA,NA,NA,NA,NA,"A4",0.632727272727273,0.872727272727273
"438",2740,183,4,185,1.28,0.73,0.62,0.38,NA,NA,NA,NA,NA,3.01,1.28,2.01,2.63,3.01,NA,NA,NA,NA,NA,"A4",0.667774086378737,0.87375415282392
"439",2743,183,4,185,1.95,1.21,0.99,0.61,NA,NA,NA,NA,NA,4.76,1.95,3.16,4.15,4.76,NA,NA,NA,NA,NA,"A6",0.663865546218487,0.871848739495798
"440",2745,183,4,185,1.71,1.13,0.75,0.46,NA,NA,NA,NA,NA,4.05,1.71,2.84,3.59,4.05,NA,NA,NA,NA,NA,"A6",0.701234567901235,0.88641975308642
"441",2748,184,4,181,2.36,1.39,0.62,0.26,NA,NA,NA,NA,NA,4.63,2.36,3.75,4.37,4.63,NA,NA,NA,NA,NA,"A1",0.809935205183585,0.943844492440605
"442",2746,184,4,181,2.33,1.33,0.53,0.37,NA,NA,NA,NA,NA,4.56,2.33,3.66,4.19,4.56,NA,NA,NA,NA,NA,"A1",0.802631578947368,0.918859649122807
"443",2750,184,4,181,2.48,1.36,0.64,0.35,NA,NA,NA,NA,NA,4.83,2.48,3.84,4.48,4.83,NA,NA,NA,NA,NA,"A2",0.795031055900621,0.927536231884058
"444",2751,184,4,181,2.02,1.08,0.5,0.31,NA,NA,NA,NA,NA,3.91,2.02,3.1,3.6,3.91,NA,NA,NA,NA,NA,"A2",0.792838874680307,0.920716112531969
"445",2753,184,4,181,2.41,1.44,0.48,0.26,NA,NA,NA,NA,NA,4.59,2.41,3.85,4.33,4.59,NA,NA,NA,NA,NA,"A3",0.838779956427015,0.943355119825708
"446",2752,184,4,181,2.43,1.41,0.58,0.26,NA,NA,NA,NA,NA,4.68,2.43,3.84,4.42,4.68,NA,NA,NA,NA,NA,"A3",0.82051282051282,0.944444444444445
"447",2757,184,4,181,1.63,1.03,0.45,0.25,NA,NA,NA,NA,NA,3.36,1.63,2.66,3.11,3.36,NA,NA,NA,NA,NA,"A4",0.791666666666667,0.925595238095238
"448",2756,184,4,181,1.55,1,0.42,0.25,NA,NA,NA,NA,NA,3.22,1.55,2.55,2.97,3.22,NA,NA,NA,NA,NA,"A4",0.791925465838509,0.922360248447205
"449",2758,184,4,181,2.51,1.22,0.43,0.35,NA,NA,NA,NA,NA,4.51,2.51,3.73,4.16,4.51,NA,NA,NA,NA,NA,"A6",0.827050997782705,0.922394678492239
"450",2760,184,4,181,2.78,1.46,0.55,0.25,NA,NA,NA,NA,NA,5.04,2.78,4.24,4.79,5.04,NA,NA,NA,NA,NA,"A6",0.841269841269841,0.950396825396825
"451",2763,185,4,190,1.51,1.77,0.97,0.56,NA,NA,NA,NA,NA,4.81,1.51,3.28,4.25,4.81,NA,NA,NA,NA,NA,"A1",0.681912681912682,0.883575883575884
"452",2761,185,4,190,1.57,1.52,1.01,0.45,NA,NA,NA,NA,NA,4.55,1.57,3.09,4.1,4.55,NA,NA,NA,NA,NA,"A1",0.679120879120879,0.901098901098901
"453",2765,185,4,190,1.49,1.57,1.01,0.65,NA,NA,NA,NA,NA,4.72,1.49,3.06,4.07,4.72,NA,NA,NA,NA,NA,"A2",0.648305084745763,0.86228813559322
"454",2764,185,4,190,1.32,1.41,0.92,0.46,NA,NA,NA,NA,NA,4.11,1.32,2.73,3.65,4.11,NA,NA,NA,NA,NA,"A2",0.664233576642336,0.888077858880779
"455",2768,185,4,190,1.48,1.71,1,0.53,NA,NA,NA,NA,NA,4.72,1.48,3.19,4.19,4.72,NA,NA,NA,NA,NA,"A3",0.675847457627119,0.88771186440678
"456",2769,185,4,190,1.71,1.86,1.15,0.51,NA,NA,NA,NA,NA,5.23,1.71,3.57,4.72,5.23,NA,NA,NA,NA,NA,"A3",0.682600382409178,0.902485659655832
"457",2770,185,4,190,1.19,1.34,0.8,0.5,NA,NA,NA,NA,NA,3.83,1.19,2.53,3.33,3.83,NA,NA,NA,NA,NA,"A4",0.660574412532637,0.869451697127937
"458",2772,185,4,190,1.27,1.27,0.85,0.45,NA,NA,NA,NA,NA,3.84,1.27,2.54,3.39,3.84,NA,NA,NA,NA,NA,"A4",0.661458333333333,0.8828125
"459",2773,185,4,190,1.73,1.87,1.14,0.58,NA,NA,NA,NA,NA,5.32,1.73,3.6,4.74,5.32,NA,NA,NA,NA,NA,"A6",0.676691729323308,0.890977443609023
"460",2775,185,4,190,1.34,1.44,0.75,0.39,NA,NA,NA,NA,NA,3.92,1.34,2.78,3.53,3.92,NA,NA,NA,NA,NA,"A6",0.709183673469388,0.900510204081633
"461",2821,189,4,196,1.56,1.73,0.72,0.36,NA,NA,NA,NA,NA,4.37,1.56,3.29,4.01,4.37,NA,NA,NA,NA,NA,"A1",0.752860411899314,0.917620137299771
"462",2822,189,4,196,1.36,1.71,0.57,0.32,NA,NA,NA,NA,NA,3.96,1.36,3.07,3.64,3.96,NA,NA,NA,NA,NA,"A1",0.775252525252525,0.919191919191919
"463",2825,189,4,196,1.77,1.93,0.83,0.49,NA,NA,NA,NA,NA,5.02,1.77,3.7,4.53,5.02,NA,NA,NA,NA,NA,"A2",0.737051792828685,0.902390438247012
"464",2826,189,4,196,1.66,1.91,0.77,0.51,NA,NA,NA,NA,NA,4.85,1.66,3.57,4.34,4.85,NA,NA,NA,NA,NA,"A2",0.736082474226804,0.894845360824742
"465",2828,189,4,196,1.66,2.05,0.87,0.42,NA,NA,NA,NA,NA,5,1.66,3.71,4.58,5,NA,NA,NA,NA,NA,"A3",0.742,0.916
"466",2827,189,4,196,1.81,1.99,1.02,0.36,NA,NA,NA,NA,NA,5.18,1.81,3.8,4.82,5.18,NA,NA,NA,NA,NA,"A3",0.733590733590734,0.930501930501931
"467",2831,189,4,196,1.26,1.31,0.5,0.32,NA,NA,NA,NA,NA,3.39,1.26,2.57,3.07,3.39,NA,NA,NA,NA,NA,"A4",0.75811209439528,0.905604719764012
"468",2832,189,4,196,1.38,1.25,0.57,0.26,NA,NA,NA,NA,NA,3.46,1.38,2.63,3.2,3.46,NA,NA,NA,NA,NA,"A4",0.760115606936416,0.92485549132948
"469",2834,189,4,196,1.53,1.51,0.57,0.3,NA,NA,NA,NA,NA,3.91,1.53,3.04,3.61,3.91,NA,NA,NA,NA,NA,"A6",0.777493606138107,0.923273657289002
"470",2835,189,4,196,1.27,1.34,0.5,0.25,NA,NA,NA,NA,NA,3.36,1.27,2.61,3.11,3.36,NA,NA,NA,NA,NA,"A6",0.776785714285714,0.925595238095238
"471",2897,194,4,186,2.69,1.41,0.5,0.21,NA,NA,NA,NA,NA,4.81,2.69,4.1,4.6,4.81,NA,NA,NA,NA,NA,"A1",0.852390852390852,0.956340956340956
"472",2896,194,4,186,2.09,1.21,0.58,0.19,NA,NA,NA,NA,NA,4.07,2.09,3.3,3.88,4.07,NA,NA,NA,NA,NA,"A1",0.810810810810811,0.953316953316953
"473",2900,194,4,186,2.3,1.4,0.7,0.21,NA,NA,NA,NA,NA,4.61,2.3,3.7,4.4,4.61,NA,NA,NA,NA,NA,"A2",0.802603036876356,0.954446854663774
"474",2899,194,4,186,2.34,1.5,0.63,0.25,NA,NA,NA,NA,NA,4.72,2.34,3.84,4.47,4.72,NA,NA,NA,NA,NA,"A2",0.813559322033898,0.947033898305085
"475",2902,194,4,186,2.2,1.21,0.52,0.25,NA,NA,NA,NA,NA,4.18,2.2,3.41,3.93,4.18,NA,NA,NA,NA,NA,"A3",0.815789473684211,0.940191387559809
"476",2904,194,4,186,2.14,1.15,0.57,0.17,NA,NA,NA,NA,NA,4.03,2.14,3.29,3.86,4.03,NA,NA,NA,NA,NA,"A3",0.816377171215881,0.957816377171216
"477",2905,194,4,186,1.6,0.92,0.33,0.3,NA,NA,NA,NA,NA,3.15,1.6,2.52,2.85,3.15,NA,NA,NA,NA,NA,"A4",0.8,0.904761904761905
"478",2907,194,4,186,1.26,0.77,0.38,0.12,NA,NA,NA,NA,NA,2.53,1.26,2.03,2.41,2.53,NA,NA,NA,NA,NA,"A4",0.802371541501976,0.952569169960474
"479",2909,194,4,186,2.24,1.16,0.59,0.16,NA,NA,NA,NA,NA,4.15,2.24,3.4,3.99,4.15,NA,NA,NA,NA,NA,"A6",0.819277108433735,0.96144578313253
"480",2908,194,4,186,2.26,1.13,0.55,0.12,NA,NA,NA,NA,NA,4.06,2.26,3.39,3.94,4.06,NA,NA,NA,NA,NA,"A6",0.834975369458128,0.970443349753695
"481",2973,199,4,178,1.76,1.16,0.95,0.45,NA,NA,NA,NA,NA,4.32,1.76,2.92,3.87,4.32,NA,NA,NA,NA,NA,"A1",0.675925925925926,0.895833333333333
"482",2972,199,4,178,1.42,1.09,0.76,0.36,NA,NA,NA,NA,NA,3.63,1.42,2.51,3.27,3.63,NA,NA,NA,NA,NA,"A1",0.691460055096419,0.900826446280992
"483",2976,199,4,178,1.69,1.28,0.97,0.42,NA,NA,NA,NA,NA,4.36,1.69,2.97,3.94,4.36,NA,NA,NA,NA,NA,"A2",0.681192660550459,0.903669724770642
"484",2975,199,4,178,1.6,1.29,0.79,0.4,NA,NA,NA,NA,NA,4.08,1.6,2.89,3.68,4.08,NA,NA,NA,NA,NA,"A2",0.708333333333333,0.901960784313726
"485",2978,199,4,178,1.62,1.41,0.85,0.4,NA,NA,NA,NA,NA,4.28,1.62,3.03,3.88,4.28,NA,NA,NA,NA,NA,"A3",0.707943925233645,0.906542056074766
"486",2979,199,4,178,1.69,1.39,0.82,0.38,NA,NA,NA,NA,NA,4.28,1.69,3.08,3.9,4.28,NA,NA,NA,NA,NA,"A3",0.719626168224299,0.911214953271028
"487",2980,199,4,178,1.4,1.07,0.76,0.35,NA,NA,NA,NA,NA,3.58,1.4,2.47,3.23,3.58,NA,NA,NA,NA,NA,"A4",0.689944134078212,0.902234636871508
"488",2981,199,4,178,1.27,0.99,0.68,0.25,NA,NA,NA,NA,NA,3.19,1.27,2.26,2.94,3.19,NA,NA,NA,NA,NA,"A4",0.70846394984326,0.921630094043887
"489",2984,199,4,178,1.37,0.97,0.52,0.18,NA,NA,NA,NA,NA,3.04,1.37,2.34,2.86,3.04,NA,NA,NA,NA,NA,"A6",0.769736842105263,0.940789473684211
"490",2985,199,4,178,1.03,0.73,0.37,0.12,NA,NA,NA,NA,NA,2.25,1.03,1.76,2.13,2.25,NA,NA,NA,NA,NA,"A6",0.782222222222222,0.946666666666667
"491",3136,210,4,192,2.27,1.49,0.84,0.31,NA,NA,NA,NA,NA,4.91,2.27,3.76,4.6,4.91,NA,NA,NA,NA,NA,"A1",0.765784114052953,0.936863543788187
"492",3138,210,4,192,2.25,1.42,0.81,0.3,NA,NA,NA,NA,NA,4.78,2.25,3.67,4.48,4.78,NA,NA,NA,NA,NA,"A1",0.767782426778243,0.937238493723849
"493",3139,210,4,192,2.02,1.15,0.58,0.18,NA,NA,NA,NA,NA,3.93,2.02,3.17,3.75,3.93,NA,NA,NA,NA,NA,"A2",0.806615776081425,0.954198473282443
"494",3140,210,4,192,2.37,1.49,0.91,0.32,NA,NA,NA,NA,NA,5.09,2.37,3.86,4.77,5.09,NA,NA,NA,NA,NA,"A2",0.758349705304519,0.93713163064833
"495",3144,210,4,192,2.41,1.51,0.89,0.24,NA,NA,NA,NA,NA,5.05,2.41,3.92,4.81,5.05,NA,NA,NA,NA,NA,"A3",0.776237623762376,0.952475247524752
"496",3143,210,4,192,2.64,1.53,0.86,0.33,NA,NA,NA,NA,NA,5.36,2.64,4.17,5.03,5.36,NA,NA,NA,NA,NA,"A3",0.777985074626866,0.938432835820896
"497",3145,210,4,192,1.6,0.91,0.61,0.18,NA,NA,NA,NA,NA,3.3,1.6,2.51,3.12,3.3,NA,NA,NA,NA,NA,"A4",0.760606060606061,0.945454545454546
"498",3147,210,4,192,1.62,0.89,0.59,0.21,NA,NA,NA,NA,NA,3.31,1.62,2.51,3.1,3.31,NA,NA,NA,NA,NA,"A4",0.758308157099698,0.936555891238671
"499",3148,210,4,192,2.58,1.36,0.96,0.16,NA,NA,NA,NA,NA,5.06,2.58,3.94,4.9,5.06,NA,NA,NA,NA,NA,"A6",0.778656126482214,0.968379446640316
"500",3149,210,4,192,2.41,1.45,0.89,0.26,NA,NA,NA,NA,NA,5.01,2.41,3.86,4.75,5.01,NA,NA,NA,NA,NA,"A6",0.770459081836327,0.94810379241517
"501",3168,212,4,169,1.97,0.87,0.83,0.31,NA,NA,NA,NA,NA,3.98,1.97,2.84,3.67,3.98,NA,NA,NA,NA,NA,"A1",0.71356783919598,0.922110552763819
"502",3167,212,4,169,1.93,1.05,0.91,0.22,NA,NA,NA,NA,NA,4.11,1.93,2.98,3.89,4.11,NA,NA,NA,NA,NA,"A1",0.725060827250608,0.94647201946472
"503",3171,212,4,169,1.84,0.86,0.8,0.25,NA,NA,NA,NA,NA,3.75,1.84,2.7,3.5,3.75,NA,NA,NA,NA,NA,"A2",0.72,0.933333333333333
"504",3170,212,4,169,2.15,1.09,0.96,0.25,NA,NA,NA,NA,NA,4.45,2.15,3.24,4.2,4.45,NA,NA,NA,NA,NA,"A2",0.728089887640449,0.943820224719101
"505",3173,212,4,169,2.2,1.04,1.05,0.25,NA,NA,NA,NA,NA,4.54,2.2,3.24,4.29,4.54,NA,NA,NA,NA,NA,"A3",0.713656387665198,0.944933920704846
"506",3172,212,4,169,2.15,0.99,1.06,0.17,NA,NA,NA,NA,NA,4.37,2.15,3.14,4.2,4.37,NA,NA,NA,NA,NA,"A3",0.718535469107551,0.961098398169336
"507",3176,212,4,169,1.64,0.83,0.72,0.29,NA,NA,NA,NA,NA,3.48,1.64,2.47,3.19,3.48,NA,NA,NA,NA,NA,"A4",0.709770114942529,0.916666666666667
"508",3177,212,4,169,1.76,0.91,0.77,0.16,NA,NA,NA,NA,NA,3.6,1.76,2.67,3.44,3.6,NA,NA,NA,NA,NA,"A4",0.741666666666667,0.955555555555555
"509",3179,212,4,169,2.39,1.07,0.88,0.21,NA,NA,NA,NA,NA,4.55,2.39,3.46,4.34,4.55,NA,NA,NA,NA,NA,"A6",0.760439560439561,0.953846153846154
"510",3180,212,4,169,2.08,1.04,0.6,0.26,NA,NA,NA,NA,NA,3.98,2.08,3.12,3.72,3.98,NA,NA,NA,NA,NA,"A6",0.78391959798995,0.934673366834171
"511",3213,215,4,197,1.8,1.42,1.08,0.65,NA,NA,NA,NA,NA,4.95,1.8,3.22,4.3,4.95,NA,NA,NA,NA,NA,"A1",0.65050505050505,0.868686868686869
"512",3211,215,4,197,1.82,1.46,1.09,0.7,NA,NA,NA,NA,NA,5.07,1.82,3.28,4.37,5.07,NA,NA,NA,NA,NA,"A1",0.646942800788955,0.861932938856016
"513",3215,215,4,197,1.66,1.23,1,0.51,NA,NA,NA,NA,NA,4.4,1.66,2.89,3.89,4.4,NA,NA,NA,NA,NA,"A2",0.656818181818182,0.884090909090909
"514",3216,215,4,197,1.4,1.12,0.79,0.58,NA,NA,NA,NA,NA,3.89,1.4,2.52,3.31,3.89,NA,NA,NA,NA,NA,"A2",0.647814910025707,0.850899742930591
"515",3219,215,4,197,1.86,1.5,0.97,0.74,NA,NA,NA,NA,NA,5.07,1.86,3.36,4.33,5.07,NA,NA,NA,NA,NA,"A3",0.662721893491124,0.854043392504931
"516",3217,215,4,197,1.68,1.23,1.28,0.65,NA,NA,NA,NA,NA,4.84,1.68,2.91,4.19,4.84,NA,NA,NA,NA,NA,"A3",0.601239669421488,0.865702479338843
"517",3222,215,4,197,1.39,1.17,0.87,0.61,NA,NA,NA,NA,NA,4.04,1.39,2.56,3.43,4.04,NA,NA,NA,NA,NA,"A4",0.633663366336634,0.849009900990099
"518",3220,215,4,197,1.44,1.17,0.9,0.52,NA,NA,NA,NA,NA,4.03,1.44,2.61,3.51,4.03,NA,NA,NA,NA,NA,"A4",0.647642679900744,0.870967741935484
"519",3224,215,4,197,1.86,1.59,0.95,0.61,NA,NA,NA,NA,NA,5.01,1.86,3.45,4.4,5.01,NA,NA,NA,NA,NA,"A6",0.688622754491018,0.878243512974052
"520",3223,215,4,197,1.82,1.14,0.93,0.48,NA,NA,NA,NA,NA,4.37,1.82,2.96,3.89,4.37,NA,NA,NA,NA,NA,"A6",0.677345537757437,0.890160183066362
"521",3271,219,4,181,2.34,1.06,0.6,0.32,NA,NA,NA,NA,NA,4.32,2.34,3.4,4,4.32,NA,NA,NA,NA,NA,"A1",0.787037037037037,0.925925925925926
"522",3272,219,4,181,2.56,1.21,0.64,0.3,NA,NA,NA,NA,NA,4.71,2.56,3.77,4.41,4.71,NA,NA,NA,NA,NA,"A1",0.800424628450106,0.936305732484076
"523",3274,219,4,181,2.31,0.98,0.38,0.34,NA,NA,NA,NA,NA,4.01,2.31,3.29,3.67,4.01,NA,NA,NA,NA,NA,"A2",0.820448877805486,0.915211970074813
"524",3275,219,4,181,2.37,0.93,0.63,0.24,NA,NA,NA,NA,NA,4.17,2.37,3.3,3.93,4.17,NA,NA,NA,NA,NA,"A2",0.79136690647482,0.942446043165468
"525",3278,219,4,181,2.78,1.18,0.71,0.35,NA,NA,NA,NA,NA,5.02,2.78,3.96,4.67,5.02,NA,NA,NA,NA,NA,"A3",0.788844621513944,0.930278884462151
"526",3279,219,4,181,2.52,1.08,0.63,0.34,NA,NA,NA,NA,NA,4.57,2.52,3.6,4.23,4.57,NA,NA,NA,NA,NA,"A3",0.787746170678337,0.925601750547046
"527",3282,219,4,181,1.88,0.9,0.54,0.28,NA,NA,NA,NA,NA,3.6,1.88,2.78,3.32,3.6,NA,NA,NA,NA,NA,"A4",0.772222222222222,0.922222222222222
"528",3280,219,4,181,1.74,1.01,0.54,0.36,NA,NA,NA,NA,NA,3.65,1.74,2.75,3.29,3.65,NA,NA,NA,NA,NA,"A4",0.753424657534247,0.901369863013699
"529",3284,219,4,181,2.46,1.11,0.6,0.32,NA,NA,NA,NA,NA,4.49,2.46,3.57,4.17,4.49,NA,NA,NA,NA,NA,"A6",0.795100222717149,0.928730512249443
"530",3283,219,4,181,2.81,0.93,0.6,0.26,NA,NA,NA,NA,NA,4.6,2.81,3.74,4.34,4.6,NA,NA,NA,NA,NA,"A6",0.81304347826087,0.943478260869565
"531",3288,220,4,189,2.18,1.55,0.7,0.35,NA,NA,NA,NA,NA,4.78,2.18,3.73,4.43,4.78,NA,NA,NA,NA,NA,"A1",0.780334728033473,0.926778242677824
"532",3287,220,4,189,2.23,1.39,0.81,0.31,NA,NA,NA,NA,NA,4.74,2.23,3.62,4.43,4.74,NA,NA,NA,NA,NA,"A1",0.763713080168776,0.934599156118143
"533",3289,220,4,189,2.11,1.24,0.72,0.3,NA,NA,NA,NA,NA,4.37,2.11,3.35,4.07,4.37,NA,NA,NA,NA,NA,"A2",0.766590389016018,0.931350114416476
"534",3290,220,4,189,2.14,1.55,0.72,0.25,NA,NA,NA,NA,NA,4.66,2.14,3.69,4.41,4.66,NA,NA,NA,NA,NA,"A2",0.791845493562232,0.946351931330472
"535",3293,220,4,189,2.17,1.43,0.8,0.27,NA,NA,NA,NA,NA,4.67,2.17,3.6,4.4,4.67,NA,NA,NA,NA,NA,"A3",0.770877944325482,0.942184154175589
"536",3294,220,4,189,1.97,1.41,0.93,0.2,NA,NA,NA,NA,NA,4.51,1.97,3.38,4.31,4.51,NA,NA,NA,NA,NA,"A3",0.749445676274945,0.955654101995565
"537",3296,220,4,189,1.77,1.2,0.57,0.25,NA,NA,NA,NA,NA,3.79,1.77,2.97,3.54,3.79,NA,NA,NA,NA,NA,"A4",0.783641160949868,0.934036939313984
"538",3295,220,4,189,1.83,1.06,0.61,0.2,NA,NA,NA,NA,NA,3.7,1.83,2.89,3.5,3.7,NA,NA,NA,NA,NA,"A4",0.781081081081081,0.945945945945946
"539",3298,220,4,189,2.21,1.25,0.69,0.28,NA,NA,NA,NA,NA,4.43,2.21,3.46,4.15,4.43,NA,NA,NA,NA,NA,"A6",0.781038374717833,0.936794582392777
"540",3299,220,4,189,2.19,1.34,0.75,0.22,NA,NA,NA,NA,NA,4.5,2.19,3.53,4.28,4.5,NA,NA,NA,NA,NA,"A6",0.784444444444444,0.951111111111111
"541",3347,224,4,191,2.58,1.46,0.78,0.36,NA,NA,NA,NA,NA,5.18,2.58,4.04,4.82,5.18,NA,NA,NA,NA,NA,"A1",0.77992277992278,0.930501930501931
"542",3346,224,4,191,2.54,1.41,0.74,0.35,NA,NA,NA,NA,NA,5.04,2.54,3.95,4.69,5.04,NA,NA,NA,NA,NA,"A1",0.783730158730159,0.930555555555556
"543",3350,224,4,191,2.52,1.63,0.81,0.39,NA,NA,NA,NA,NA,5.35,2.52,4.15,4.96,5.35,NA,NA,NA,NA,NA,"A2",0.775700934579439,0.927102803738318
"544",3349,224,4,191,2.34,1.38,0.79,0.4,NA,NA,NA,NA,NA,4.91,2.34,3.72,4.51,4.91,NA,NA,NA,NA,NA,"A2",0.757637474541751,0.918533604887984
"545",3353,224,4,191,2.81,1.6,0.65,0.41,NA,NA,NA,NA,NA,5.47,2.81,4.41,5.06,5.47,NA,NA,NA,NA,NA,"A3",0.806215722120658,0.925045703839123
"546",3352,224,4,191,2.81,1.56,0.88,0.41,NA,NA,NA,NA,NA,5.66,2.81,4.37,5.25,5.66,NA,NA,NA,NA,NA,"A3",0.77208480565371,0.92756183745583
"547",3356,224,4,191,1.98,1.19,0.65,0.32,NA,NA,NA,NA,NA,4.14,1.98,3.17,3.82,4.14,NA,NA,NA,NA,NA,"A4",0.765700483091788,0.922705314009662
"548",3355,224,4,191,1.92,1.16,0.53,0.3,NA,NA,NA,NA,NA,3.91,1.92,3.08,3.61,3.91,NA,NA,NA,NA,NA,"A4",0.78772378516624,0.923273657289003
"549",3360,224,4,191,2.45,1.37,0.75,0.26,NA,NA,NA,NA,NA,4.83,2.45,3.82,4.57,4.83,NA,NA,NA,NA,NA,"A6",0.790890269151139,0.946169772256729
"550",3359,224,4,191,2.68,1.45,0.69,0.45,NA,NA,NA,NA,NA,5.27,2.68,4.13,4.82,5.27,NA,NA,NA,NA,NA,"A6",0.783681214421252,0.9146110056926
"551",3392,227,4,194,2.27,1.48,0.96,0.41,NA,NA,NA,NA,NA,5.12,2.27,3.75,4.71,5.12,NA,NA,NA,NA,NA,"A1",0.732421875,0.919921875
"552",3393,227,4,194,2.18,1.52,0.85,0.46,NA,NA,NA,NA,NA,5.01,2.18,3.7,4.55,5.01,NA,NA,NA,NA,NA,"A1",0.738522954091816,0.908183632734531
"553",3395,227,4,194,2.19,1.48,0.99,0.45,NA,NA,NA,NA,NA,5.11,2.19,3.67,4.66,5.11,NA,NA,NA,NA,NA,"A2",0.718199608610567,0.911937377690802
"554",3394,227,4,194,1.98,1.51,0.98,0.48,NA,NA,NA,NA,NA,4.95,1.98,3.49,4.47,4.95,NA,NA,NA,NA,NA,"A2",0.705050505050505,0.903030303030303
"555",3397,227,4,194,2.2,1.62,0.99,0.42,NA,NA,NA,NA,NA,5.23,2.2,3.82,4.81,5.23,NA,NA,NA,NA,NA,"A3",0.730401529636711,0.919694072657744
"556",3399,227,4,194,2.06,1.5,0.95,0.19,NA,NA,NA,NA,NA,4.7,2.06,3.56,4.51,4.7,NA,NA,NA,NA,NA,"A3",0.757446808510638,0.959574468085106
"557",3401,227,4,194,1.43,0.96,0.63,0.26,NA,NA,NA,NA,NA,3.28,1.43,2.39,3.02,3.28,NA,NA,NA,NA,NA,"A4",0.728658536585366,0.920731707317073
"558",3400,227,4,194,1.54,1.13,0.6,0.29,NA,NA,NA,NA,NA,3.56,1.54,2.67,3.27,3.56,NA,NA,NA,NA,NA,"A4",0.75,0.918539325842697
"559",3403,227,4,194,2.23,1.03,0.64,0.26,NA,NA,NA,NA,NA,4.16,2.23,3.26,3.9,4.16,NA,NA,NA,NA,NA,"A6",0.783653846153846,0.9375
"560",3404,227,4,194,2.23,0.92,0.73,0.22,NA,NA,NA,NA,NA,4.1,2.23,3.15,3.88,4.1,NA,NA,NA,NA,NA,"A6",0.768292682926829,0.946341463414634
"561",3436,230,4,193,2.34,1.2,0.79,0.32,NA,NA,NA,NA,NA,4.65,2.34,3.54,4.33,4.65,NA,NA,NA,NA,NA,"A1",0.761290322580645,0.931182795698925
"562",3437,230,4,193,2.41,1.24,0.78,0.36,NA,NA,NA,NA,NA,4.79,2.41,3.65,4.43,4.79,NA,NA,NA,NA,NA,"A1",0.762004175365344,0.924843423799583
"563",3441,230,4,193,2.11,1.21,0.71,0.3,NA,NA,NA,NA,NA,4.33,2.11,3.32,4.03,4.33,NA,NA,NA,NA,NA,"A2",0.766743648960739,0.930715935334873
"564",3440,230,4,193,1.74,0.86,0.49,0.21,NA,NA,NA,NA,NA,3.3,1.74,2.6,3.09,3.3,NA,NA,NA,NA,NA,"A2",0.787878787878788,0.936363636363636
"565",3443,230,4,193,2.39,1.27,0.76,0.37,NA,NA,NA,NA,NA,4.79,2.39,3.66,4.42,4.79,NA,NA,NA,NA,NA,"A3",0.764091858037578,0.922755741127349
"566",3442,230,4,193,2.25,1.19,0.76,0.24,NA,NA,NA,NA,NA,4.44,2.25,3.44,4.2,4.44,NA,NA,NA,NA,NA,"A3",0.774774774774775,0.945945945945946
"567",3445,230,4,193,1.5,0.88,0.5,0.27,NA,NA,NA,NA,NA,3.15,1.5,2.38,2.88,3.15,NA,NA,NA,NA,NA,"A4",0.755555555555556,0.914285714285714
"568",3446,230,4,193,1.62,0.9,0.73,0.26,NA,NA,NA,NA,NA,3.51,1.62,2.52,3.25,3.51,NA,NA,NA,NA,NA,"A4",0.717948717948718,0.925925925925926
"569",3448,230,4,193,2.33,1.4,0.63,0.37,NA,NA,NA,NA,NA,4.73,2.33,3.73,4.36,4.73,NA,NA,NA,NA,NA,"A6",0.788583509513742,0.921775898520085
"570",3450,230,4,193,1.6,0.84,0.44,0.15,NA,NA,NA,NA,NA,3.03,1.6,2.44,2.88,3.03,NA,NA,NA,NA,NA,"A6",0.805280528052805,0.950495049504951
"571",3481,233,4,195,2.36,1.31,1.03,0.34,NA,NA,NA,NA,NA,5.04,2.36,3.67,4.7,5.04,NA,NA,NA,NA,NA,"A1",0.728174603174603,0.932539682539683
"572",3483,233,4,195,2.28,1.4,1.01,0.33,NA,NA,NA,NA,NA,5.02,2.28,3.68,4.69,5.02,NA,NA,NA,NA,NA,"A1",0.733067729083665,0.934262948207171
"573",3485,233,4,195,2.24,1.48,0.95,0.35,NA,NA,NA,NA,NA,5.02,2.24,3.72,4.67,5.02,NA,NA,NA,NA,NA,"A2",0.741035856573705,0.930278884462151
"574",3486,233,4,195,2.18,1.26,0.95,0.3,NA,NA,NA,NA,NA,4.69,2.18,3.44,4.39,4.69,NA,NA,NA,NA,NA,"A2",0.733475479744137,0.936034115138593
"575",3487,233,4,195,2.59,1.51,0.8,0.32,NA,NA,NA,NA,NA,5.22,2.59,4.1,4.9,5.22,NA,NA,NA,NA,NA,"A3",0.78544061302682,0.938697318007663
"576",3489,233,4,195,2.18,1.14,1.01,0.32,NA,NA,NA,NA,NA,4.65,2.18,3.32,4.33,4.65,NA,NA,NA,NA,NA,"A3",0.713978494623656,0.931182795698925
"577",3491,233,4,195,1.74,1.06,0.79,0.31,NA,NA,NA,NA,NA,3.9,1.74,2.8,3.59,3.9,NA,NA,NA,NA,NA,"A4",0.717948717948718,0.92051282051282
"578",3490,233,4,195,1.64,1.02,0.77,0.21,NA,NA,NA,NA,NA,3.64,1.64,2.66,3.43,3.64,NA,NA,NA,NA,NA,"A4",0.730769230769231,0.942307692307692
"579",3495,233,4,195,1.81,1.03,0.41,0.4,NA,NA,NA,NA,NA,3.65,1.81,2.84,3.25,3.65,NA,NA,NA,NA,NA,"A6",0.778082191780822,0.89041095890411
"580",3494,233,4,195,2.12,1.05,0.93,0.25,NA,NA,NA,NA,NA,4.35,2.12,3.17,4.1,4.35,NA,NA,NA,NA,NA,"A6",0.728735632183908,0.942528735632184
"581",3498,234,4,199,2.29,1.07,0.63,0.36,NA,NA,NA,NA,NA,4.35,2.29,3.36,3.99,4.35,NA,NA,NA,NA,NA,"A1",0.772413793103448,0.917241379310345
"582",3497,234,4,199,2.37,1.12,0.65,0.3,NA,NA,NA,NA,NA,4.44,2.37,3.49,4.14,4.44,NA,NA,NA,NA,NA,"A1",0.786036036036036,0.932432432432432
"583",3501,234,4,199,2.71,1.47,0.63,0.51,NA,NA,NA,NA,NA,5.32,2.71,4.18,4.81,5.32,NA,NA,NA,NA,NA,"A2",0.785714285714286,0.904135338345865
"584",3500,234,4,199,2.63,1.29,0.9,0.37,NA,NA,NA,NA,NA,5.19,2.63,3.92,4.82,5.19,NA,NA,NA,NA,NA,"A2",0.755298651252408,0.928709055876686
"585",3502,234,4,199,2.54,1.3,0.73,0.33,NA,NA,NA,NA,NA,4.9,2.54,3.84,4.57,4.9,NA,NA,NA,NA,NA,"A3",0.783673469387755,0.93265306122449
"586",3504,234,4,199,2.48,1.3,0.7,0.44,NA,NA,NA,NA,NA,4.92,2.48,3.78,4.48,4.92,NA,NA,NA,NA,NA,"A3",0.768292682926829,0.910569105691057
"587",3505,234,4,199,1.52,0.85,0.45,0.31,NA,NA,NA,NA,NA,3.13,1.52,2.37,2.82,3.13,NA,NA,NA,NA,NA,"A4",0.757188498402556,0.900958466453674
"588",3506,234,4,199,1.56,0.76,0.62,0.27,NA,NA,NA,NA,NA,3.21,1.56,2.32,2.94,3.21,NA,NA,NA,NA,NA,"A4",0.722741433021807,0.91588785046729
"589",3509,234,4,199,2.39,1.06,0.54,0.25,NA,NA,NA,NA,NA,4.24,2.39,3.45,3.99,4.24,NA,NA,NA,NA,NA,"A6",0.813679245283019,0.941037735849057
"590",3508,234,4,199,2.43,1.2,0.73,0.31,NA,NA,NA,NA,NA,4.67,2.43,3.63,4.36,4.67,NA,NA,NA,NA,NA,"A6",0.777301927194861,0.933618843683083
"591",3513,235,4,190,1.37,1.78,0.98,0.28,NA,NA,NA,NA,NA,4.41,1.37,3.15,4.13,4.41,NA,NA,NA,NA,NA,"A1",0.714285714285714,0.936507936507937
"592",3511,235,4,190,1.3,1.84,1.08,0.32,NA,NA,NA,NA,NA,4.54,1.3,3.14,4.22,4.54,NA,NA,NA,NA,NA,"A1",0.691629955947137,0.929515418502203
"593",3514,235,4,190,1.27,1.77,1.21,0.35,NA,NA,NA,NA,NA,4.6,1.27,3.04,4.25,4.6,NA,NA,NA,NA,NA,"A2",0.660869565217391,0.923913043478261
"594",3515,235,4,190,1.43,1.8,1.11,0.34,NA,NA,NA,NA,NA,4.68,1.43,3.23,4.34,4.68,NA,NA,NA,NA,NA,"A2",0.69017094017094,0.927350427350427
"595",3518,235,4,190,1.4,1.92,1.03,0.42,NA,NA,NA,NA,NA,4.77,1.4,3.32,4.35,4.77,NA,NA,NA,NA,NA,"A3",0.69601677148847,0.911949685534591
"596",3517,235,4,190,1.53,2.06,0.95,0.4,NA,NA,NA,NA,NA,4.94,1.53,3.59,4.54,4.94,NA,NA,NA,NA,NA,"A3",0.726720647773279,0.919028340080972
"597",3521,235,4,190,1.01,1.53,0.7,0.31,NA,NA,NA,NA,NA,3.55,1.01,2.54,3.24,3.55,NA,NA,NA,NA,NA,"A4",0.715492957746479,0.912676056338028
"598",3520,235,4,190,1.01,1.51,0.8,0.36,NA,NA,NA,NA,NA,3.68,1.01,2.52,3.32,3.68,NA,NA,NA,NA,NA,"A4",0.684782608695652,0.902173913043478
"599",3525,235,4,190,1,1.71,0.95,0.31,NA,NA,NA,NA,NA,3.97,1,2.71,3.66,3.97,NA,NA,NA,NA,NA,"A6",0.682619647355164,0.92191435768262
"600",3524,235,4,190,1.74,2.04,1.16,0.23,NA,NA,NA,NA,NA,5.17,1.74,3.78,4.94,5.17,NA,NA,NA,NA,NA,"A6",0.731141199226306,0.955512572533849
