"","fish","agei","A1","A2","A3","A4","A6"
"1",1,1,230.700963323416,230.780463022808,229.601094351472,230.201943660901,229.708836682818
"2",1,2,220.449900388643,220.637245862146,219.747926840706,219.940094511467,220.392758676211
"3",1,3,215.145571311929,215.147975398729,214.970633502153,214.304975036344,214.382385768722
"4",1,4,213,213,213,213,213
"5",2,1,185.001697543712,186.613127962566,186.590126024662,184.712077217974,186.231876908781
"6",2,2,177.986288840066,178.712393365083,178.51070207386,178.253074407962,178.071966334026
"7",2,3,175,175,175,175,175
"8",3,1,190.166790791437,190.05758365026,190.35652391562,186.339238700462,189.660795217715
"9",3,2,182.996010812936,182.943683019588,182.61378936918,182.081541065823,182.908096519618
"10",3,3,180,180,180,180,180
"11",4,1,205.561214949762,205.807722755398,206.571552158662,204.188874508183,202.780913909452
"12",4,2,198.276065803337,199.030195792658,199.753083191252,199.22506385035,197.82228017235
"13",4,3,195.372564331935,195.32373573491,195.385001509005,195.201764685581,194.981396260468
"14",4,4,194,194,194,194,194
"15",5,1,195.070735759767,196.426143238017,194.22372379276,192.167283753367,194.702444309055
"16",5,2,186.840688650835,187.659072093789,186.277724647443,186.201273691652,185.738869944672
"17",5,3,183,183,183,183,183
"18",6,1,186.609319346359,185.846131475418,186.407455299227,185.226032269121,187.962124574673
"19",6,2,180.45293456237,179.973566812835,179.787792218801,180.314219484882,179.992424914935
"20",6,3,178,178,178,178,178
"21",7,1,213.98612926823,209.747007461262,211.143159542229,211.458151380122,210.588967621062
"22",7,2,204.013741777239,202.368465025172,202.577895222264,203.044854344195,202.341934848864
"23",7,3,199,199,199,199,199
"24",8,1,225.603455093917,225.079784778643,228.391269520344,222.877874613069,226.395554299253
"25",8,2,215.501484036789,215.69404968381,216.260313367113,215.031785441189,213.948274720331
"26",8,3,210.479035149629,210.6314410569,209.75951389744,209.259305550449,210.736073538674
"27",8,4,207.682444292006,208.185461607943,207.960185472798,206.96152229297,208.269561917044
"28",8,5,206.141465656173,206.820263775968,206.509114162603,206.008782893527,205.975132501575
"29",8,6,205,205,205,205,205
"30",9,1,202.448796734072,200.364804065827,200.40457087233,197.657876115261,196.394815027052
"31",9,2,196.877099551292,196.582312349084,196.104991535922,194.203934781612,193.477477729178
"32",9,3,191.254750575941,190.379025933624,190.996079618544,190.059205181232,189.422873349082
"33",9,4,187,187,187,187,187
"34",10,1,231.787670598312,227.93097652617,229.414412068019,223.713625379014,223.462422990716
"35",10,2,220.861439465609,220.58874999113,220.717643244529,217.614300415781,216.638926501861
"36",10,3,216.108087161517,216.192656841512,215.986694455391,213.998634094086,213.238364317252
"37",10,4,212.644678047754,213.171425938424,212.587420140232,212.027476442072,211.157757191142
"38",10,5,210.948314400197,211.415299371428,211.302471086392,210.884205003904,210.576082080616
"39",10,6,210,210,210,210,210
"40",11,1,183.522814714916,184.819444273181,183.955882419042,180.496341719731,184.638514462374
"41",11,2,175.020092566409,175.333994664454,174.802159941963,174.304858658012,174.865982833475
"42",11,3,172,172,172,172,172
"43",12,1,221.037566784177,216.893315425909,220.811326225196,217.892262058945,220.920639467152
"44",12,2,211.862529232694,209.599807661964,211.239561869203,210.049426103006,210.172497833745
"45",12,3,206.54860675312,205.680907967905,206.175430727369,205.771515581585,205.164201470535
"46",12,4,203.011579487536,202.74173319736,203.059042332394,202.809885220601,202.913281756732
"47",12,5,201.642587891852,201.326574974505,201.779097098744,201.712985086904,201.675275914141
"48",12,6,201,201,201,201,201
"49",13,1,186.76919067488,187.529698219556,186.656634917604,182.99550799911,185.243855618943
"50",13,2,180.820624075819,181.192379846675,181.828317458802,179.490441784245,180.079601236961
"51",13,3,177,177,177,177,177
"52",14,1,198.688023934564,197.4744193567,197.979216822302,196.944488660393,198.167223147631
"53",14,2,191.430474243993,191.133292870103,191.357793177907,190.997483406572,191.018979548398
"54",14,3,187.827075446577,187.610444821993,187.870173090402,187.449270187906,187.622296419684
"55",14,4,186,186,186,186,186
"56",15,1,178.70908958666,180.466972610185,180.580030825794,178.760611295036,178.22305048693
"57",15,2,173.176684118586,173.955542668546,174.008222239983,173.450719356327,172.941194818362
"58",15,3,171,171,171,171,171
"59",16,1,176.324781496382,175.551915014744,174.360471261361,172.326909479261,173.720854273586
"60",16,2,173.183924128245,172.562205760567,171.312875966964,170.098843438784,171.044156427238
"61",16,3,168.273569651298,168.517305004915,167.960521143128,167.613692855175,167.676697846348
"62",16,4,165,165,165,165,165
"63",17,1,237.625987829071,237.705682082217,235.995428193872,231.823100240575,224.16000017735
"64",17,2,227.651089968943,228.502312278225,225.888746427194,224.378731841435,218.877546087344
"65",17,3,221.325544984471,221.902527352994,221.316676104173,219.982451290763,216.57349696298
"66",17,4,217.493724465032,217.845778820971,217.586829261709,217.051597590314,216.123926402129
"67",17,5,215.851515670987,215.847678797736,215.721905840477,215.468936592072,215.561963201064
"68",17,6,215,215,215,215,215
"69",18,1,200.120573991072,200.653467337457,200.482102066642,197.37261715499,199.020383786216
"70",18,2,192.666862696533,192.931843487435,192.946478478063,191.338546598481,192.319659207517
"71",18,3,189.348429585951,189.556829089411,189.511874529526,188.545918902907,189.097173341425
"72",18,4,187,187,187,187,187
"73",19,1,161.459356247063,161.691803253704,162.535589808277,160.647135836465,160.897024666307
"74",19,2,156,156,156,156,156
"75",20,1,214.199964696321,213.583633853031,215.165681046383,212.049119970752,214.180791930984
"76",20,2,204.731635589255,204.256291216354,205.703230070736,204.156891420215,204.462750422547
"77",20,3,201,201,201,201,201
"78",21,1,193.061789452523,193.132656077959,194.438476137337,190.331369221735,187.834554989308
"79",21,2,184.23892035063,184.739605201068,184.546371378885,183.411754487178,182.501394062851
"80",21,3,180,180,180,180,180
"81",22,1,186.366672148245,187.514736473962,186.295830718326,184.287654639902,184.4364309024
"82",22,2,179.930087184836,180.004210421132,179.215586596078,179.662796887656,178.799900473192
"83",22,3,177,177,177,177,177
"84",23,1,196.244545469985,194.091289338565,196.06107880699,193.548615719109,192.221052629858
"85",23,2,188.035948847903,186.911660079226,187.790743191753,187.759142905831,186.268838762965
"86",23,3,183,183,183,183,183
"87",24,1,173.557224716118,173.200263260004,172.948514661484,173.35444940585,173.393855534065
"88",24,2,168.673222858596,168.739642209641,168.833752640006,168.83473539183,168.666004610989
"89",24,3,167,167,167,167,167
"90",25,1,188.908318662605,190.861595252447,188.886195301936,187.339404285907,188.678521037252
"91",25,2,183.050130846435,184.097783663423,182.816389767827,182.430581938839,182.92534416986
"92",25,3,180,180,180,180,180
"93",26,1,218.909270911244,218.697976834682,216.173757303211,211.950832061022,217.137198810752
"94",26,2,209.030875205145,210.165566171449,207.739828015793,205.503856638883,207.925022878929
"95",26,3,202.994077829195,203.724972315976,202.407408208264,201.329175832744,202.825425488098
"96",26,4,200.030559117365,201.137725211641,200.23091032764,199.638165885953,200.303043982956
"97",26,5,198.713439689885,198.880764971689,198.598536917172,198.36990842586,198.712846947105
"98",26,6,198,198,198,198,198
"99",27,1,195.52596417287,196.238470183835,197.151488706876,192.165901073801,194.929861271047
"100",27,2,189.962240252924,190.946813819249,189.607439468024,188.389277534906,190.115383079024
"101",27,3,186.303214611879,186.159124727481,186.164517667742,185.677855506981,186.003016290005
"102",27,4,185,185,185,185,185
"103",28,1,188.809966628877,188.593657426203,187.789025045231,188.080789008316,NA
"104",28,2,184.745808072381,184.729104950802,183.548796861516,184.164303238136,NA
"105",28,3,180.633835885808,180.721420902238,180.674864425887,180.200055446367,NA
"106",28,4,177,177,177,177,NA
"107",29,1,173.351045728802,173.284439901685,174.473812589901,171.997784236594,171.201123529877
"108",29,2,167,167,167,167,167
"109",30,1,183.859234344767,185.421248539714,184.353526710236,181.298054536633,182.473250917251
"110",30,2,176.844009907144,177.167236990005,176.624165756051,176.616283701812,175.404406229379
"111",30,3,174.853202972143,175.487641616517,174.954242093109,174.688495711003,174.514948950772
"112",30,4,174,174,174,174,174
"113",31,1,195.789810223222,194.45028783595,197.96893581976,194.265845497271,194.780985339345
"114",31,2,189.885646325712,189.050103893449,190.982775856295,189.316237415073,189.361862958492
"115",31,3,186,186,186,186,186
"116",32,1,236.833383892118,239.918117914151,234.36782074352,234.129034776648,237.06473468996
"117",32,2,228.716952945497,230.539701098333,227.576942736538,227.026752064379,227.989300845578
"118",32,3,222.37027010002,223.086654622186,221.387027385041,222.01337603219,221.568585744791
"119",32,4,219.868212439783,220.974958120612,219.40385062194,219.864786304108,219.901669324394
"120",32,5,218.525644914778,218.676935457133,218.322117842067,218.611442296061,218.666916420397
"121",32,6,217.54923216932,217.931630809518,217.540866389937,217.835562672032,217.617376451999
"122",32,7,217,217,217,217,217
"123",33,1,189.566013521757,189.269661518983,191.012728515985,187.880339222769,187.23642341682
"124",33,2,182.962065100645,183.300193629795,183.111219266848,182.626779740923,182.094754146974
"125",33,3,180,180,180,180,180
"126",34,1,199.96600935923,195.360710527834,199.743817083735,197.707761174247,193.114455680365
"127",34,2,192.310567191948,190.07643845567,192.251886718541,191.980587959139,189.09110833009
"128",34,3,187.810408620641,187.006528013746,188.118407896365,187.419122566575,187.128499866541
"129",34,4,186,186,186,186,186
"130",35,1,213.512503334601,217.557233633119,214.020201676502,209.316100120584,214.188011489151
"131",35,2,206.674191930451,207.939895464659,206.462436710263,204.684366727299,206.819044281607
"132",35,3,202.461792105494,203.354885407602,201.752525209563,202.105333360584,202.529645459306
"133",35,4,200,200,200,200,200
"134",36,1,215.258572102371,213.129724401167,216.124181579441,212.074459283972,214.849232736435
"135",36,2,207.380294909621,206.52335664696,207.783640267249,205.945875020026,207.786675803114
"136",36,3,203.163752186741,202.732817771595,203.224144349918,202.935342399141,203.041520363538
"137",36,4,201,201,201,201,201
"138",37,1,218.236712134212,221.45678906556,218.553360417571,214.178870097659,217.379830787211
"139",37,2,209.390503454193,210.354974128152,209.57526663177,207.899985958422,209.102685490821
"140",37,3,203.791637201016,204.289034007713,203.627279498676,203.299079477084,203.677799722241
"141",37,4,202,202,202,202,202
"142",38,1,199.780121058774,201.721004385686,201.140649684889,197.613037063453,198.086876440402
"143",38,2,192.612439042855,194.191202932348,192.85901915255,192.177147374177,192.523878915531
"144",38,3,189.3819344723,190.680687389913,190.67429453359,189.360368171552,189.034362286293
"145",38,4,187.817158820937,188.340343694956,188.489569914629,188.17435587571,187.517181143147
"146",38,5,186.454289705234,186.763155552703,186.660498140616,186.642423326914,186.556299752487
"147",38,6,186,186,186,186,186
"148",39,1,211.475322625022,212.69622435083,211.797610714504,209.88121763738,207.545373404011
"149",39,2,204.402153615068,203.211933311989,205.282244802894,202.24990802868,201.740092085641
"150",39,3,198.69975379309,198.885765469711,198.601233995226,198.407191842739,197.639113539637
"151",39,4,197,197,197,197,197
"152",40,1,198.586041500402,196.626083879776,198.851311837133,193.956740420826,193.64991983053
"153",40,2,192.291038008781,190.76014071986,191.770623901734,189.006974417364,187.935477281603
"154",40,3,186.795400039905,185.830776719931,186.335447951322,185.124805002885,183.83280057981
"155",40,4,184.74702588787,184.204086599954,184.689935966335,183.038138942602,182.416400289905
"156",40,5,182.149087938947,182.084460079984,182.296463988172,181.873488118258,181.586096671685
"157",40,6,181,181,181,181,181
"158",41,1,188.690290523695,189.78455061905,188.728168335719,187.42836561776,187.302088406596
"159",41,2,182.685202128108,183.097621552765,182.844009907144,182.683796610287,181.873562156955
"160",41,3,180,180,180,180,180
"161",42,1,228.037489554625,231.36632894226,230.780220222303,226.963786144774,221.053843217488
"162",42,2,217.332518224517,220.830610835248,218.975222811841,217.66823966351,214.308114444398
"163",42,3,213.802770921076,215.945333724175,215.492748575754,214.474677682217,211.709350080995
"164",42,4,212.182559044086,213.590983309201,213.190774080714,212.364645658862,210.824664340262
"165",42,5,210.15729419785,210.648045290482,210.593674650412,210.539753098123,209.497635729162
"166",42,6,209,209,209,209,209
"167",43,1,182.467937818766,182.660548092105,182.539989728134,178.127091191803,182.65630358314
"168",43,2,174.131806311952,174.344858416859,174.536448465073,173.360848957285,175.025871920281
"169",43,3,171,171,171,171,171
"170",44,1,199.843332611934,202.003248103275,201.022993448243,198.316195712516,200.899871745317
"171",44,2,193.896031386894,194.534849114862,194.304782542403,193.183259309215,194.009578805047
"172",44,3,190.512222069198,190.593194093199,190.428891635188,189.962593330674,190.124075267301
"173",44,4,188,188,188,188,188
"174",45,1,203.869239138639,202.467659083335,204.470442661633,200.129356557524,203.47068324534
"175",45,2,195.376583350792,194.839849647814,196.104034914759,193.941681557424,194.314991748761
"176",45,3,191,191,191,191,191
"177",46,1,210.201763229888,213.535879735478,211.74164179847,208.166156168662,205.193482024072
"178",46,2,201.990910489348,204.391866769171,202.636510099415,201.822940692568,200.370736275726
"179",46,3,198.55630542141,199.518710158384,198.842705224809,198.572698051924,197.674147255145
"180",46,4,197,197,197,197,197
"181",47,1,203.978684267534,206.109373445165,204.917876106991,202.523967428654,NA
"182",47,2,198.180118941742,199.917497006958,198.479634839763,197.361025753985,NA
"183",47,3,192.588645234728,192.781097044279,192.407797547093,192.146965844912,NA
"184",47,4,190,190,190,190,NA
"185",48,1,191.015382504815,188.938442772262,191.466178380575,189.9279054016,190.919494551088
"186",48,2,183.674009892062,184.491001942019,184.961497424423,185.223955243768,184.388342198144
"187",48,3,181.826512148456,182.147726665869,182.418313892695,182.295986267974,182.031234582044
"188",48,4,181,181,181,181,181
"189",49,1,193.562285070091,193.48147417342,193.201154079999,189.16183302401,190.943913345281
"190",49,2,186.335856901284,186.392911857656,186.331112910933,184.482768781657,185.079052135261
"191",49,3,182,182,182,182,182
"192",50,1,231.765478414346,229.318355762519,229.637205400188,227.457675685614,231.206924870683
"193",50,2,221.706297849878,220.61639370733,220.488715050545,219.787746040131,220.603462435342
"194",50,3,215.529608029591,215.047137992009,214.253756659388,214.865253879597,214.182476849496
"195",50,4,212.294199076107,213.016680179132,212.563908123467,212.861914046822,212.415233110272
"196",50,5,211.235337964057,211.276287768094,211.107142144224,211.316480461538,211.295978742097
"197",50,6,210,210,210,210,210
"198",51,1,192.688963890513,191.376039628577,192.358196369581,190.659852147302,189.596450183584
"199",51,2,186.54121006759,185.05056931786,186.843782053274,185.523741567238,184.943625852149
"200",51,3,181.475460917502,180.833589110715,181.329367736967,181.06598521473,180.678536881668
"201",51,4,180,180,180,180,180
"202",52,1,200.350942252449,200.767229793294,201.224727388448,198.224832762081,196.399081667873
"203",52,2,193.023876665811,194.091632763449,193.994254849453,192.708749686508,190.659965841735
"204",52,3,190.042518944352,190.55154342944,190.124424476469,189.975555369782,188.55071814495
"205",52,4,187.920196498567,188.579207943349,188.189509289978,187.888388800647,187.12820225642
"206",52,5,186.80850378887,186.96088139066,186.814701131154,186.844805516079,186.343365904128
"207",52,6,186,186,186,186,186
"208",53,1,177.341485236904,174.539724752223,176.957466105802,176.103330709649,175.28588670402
"209",53,2,170.768032196953,170.143117806014,170.311173392433,171.278426831397,171.229037838305
"210",53,3,169,169,169,169,169
"211",54,1,194.12040060421,192.857906789172,193.62485553848,189.952884370342,190.526239119948
"212",54,2,186.257165501479,186.26383554278,186.041258792347,185.353625939301,184.955116967709
"213",54,3,182,182,182,182,182
"214",55,1,195.28649401096,198.588932401389,196.75780321923,194.208233018518,195.987460060203
"215",55,2,188.161215232636,189.097426182098,188.936308034264,188.316944151832,187.899468626998
"216",55,3,185,185,185,185,185
"217",56,1,194.341929157392,194.968386748535,195.168547072364,192.033361209997,189.695108996794
"218",56,2,186.113976385797,185.691002382275,186.306064822142,185.829157176762,184.341989694677
"219",56,3,182,182,182,182,182
"220",57,1,180.850454882892,180.682923524008,182.428020627513,179.155201298445,177.640201866602
"221",57,2,173.324394687524,172.947013385933,173.70495709273,172.900657837131,172.368015783216
"222",57,3,170,170,170,170,170
"223",58,1,203.526870345005,201.52110226369,203.6565849818,200.078985369065,203.238784659485
"224",58,2,194.506575401536,194.380969567867,193.639494526613,193.850247050973,195.592029934947
"225",58,3,190.573307257582,190.241762207969,190.634367390057,190.123215106541,191.056713339703
"226",58,4,189,189,189,189,189
"227",59,1,197.619161469939,202.089281591093,202.499327937716,197.628514480281,201.587436970158
"228",59,2,192.383058661597,194.92130036942,195.079818833649,192.038842283751,194.810290461394
"229",59,3,188.293911706512,189.042524403444,188.69800331057,188.54529716092,188.606594811063
"230",59,4,186,186,186,186,186
"231",60,1,202.001429000911,202.713488710833,204.457641780253,203.251211845393,198.356491182698
"232",60,2,195.958898979527,196.442178245955,197.036067953719,196.88954533468,194.623313821431
"233",60,3,193.30226940116,193.411044854598,193.908404698252,193.52469693232,192.605380112638
"234",60,4,192,192,192,192,192
"235",61,1,217.872663711932,214.450965982151,219.9883543883,213.260122670361,218.966110011249
"236",61,2,208.68363258051,207.091323305926,209.805452356059,206.459997831288,208.929142452672
"237",61,3,203.978405796347,203.411501967813,204.490201295274,202.711897526287,204.858594498361
"238",61,4,201.044558507399,200.705750983906,201.189150636471,200.463037343286,201.457177714621
"239",61,5,198.774978529156,198.649380236138,199.119000223323,198.803164351072,199.003696755858
"240",61,6,198,198,198,198,198
"241",62,1,188.446234753355,186.055236242254,187.068059517935,185.707512124581,184.272299574644
"242",62,2,181.008596981133,180.336139668199,180.403962979873,180.183391529417,179.424099858215
"243",62,3,177,177,177,177,177
"244",63,1,229.935758980985,226.562789024528,231.877505870261,225.966075270265,222.436356806449
"245",63,2,216.64492378071,215.344156405343,218.335039854292,215.585676225223,213.224051295719
"246",63,3,213.351619483297,211.990132220226,213.345710269461,212.505777607463,210.415421566838
"247",63,4,210.646405238993,209.73484009575,211.266822942449,210.338441543114,209.404314864441
"248",63,5,208.940944084975,208.520452028725,209.009745273121,208.570351595881,208.898761513242
"249",63,6,208,208,208,208,208
"250",64,1,179.668500514995,178.898973768728,178.288622485359,177.849301826575,176.784548882032
"251",64,2,175.867339861361,175.850247050973,175.843704816219,175.989557622008,174.299000534284
"252",64,3,174.383960094089,173.863955401527,173.860092367672,174.674128794388,173.07882225448
"253",64,4,171,171,171,171,171
"254",65,1,208.905959659147,209.339525470841,209.333190434347,205.900021602206,205.285489502309
"255",65,2,200.928897529094,201.444730548693,201.196680075,200.190486477241,199.124637922246
"256",65,3,196.347476711158,196.933419164608,196.616525236956,196.609050807945,196.096422738825
"257",65,4,195,195,195,195,195
"258",66,1,221.855503117772,222.019574645893,221.444939479944,218.777173682438,216.446689153092
"259",66,2,212.710019569631,213.948953950455,212.476299182357,212.047050643076,209.423924372732
"260",66,3,207.346927365474,208.305163254344,207.286897249161,207.413195435647,205.613121778739
"261",66,4,204.637154462321,205.426829999328,205.030635539076,205.206597717823,204.197680815255
"262",66,5,203.733896827937,204.072320232261,203.733285055778,203.441319543565,203.326640222342
"263",66,6,203,203,203,203,203
"264",67,1,222.620247517742,222.874830313879,221.331751071915,217.320220145518,220.857375799265
"265",67,2,213.263771100321,213.56205268109,212.675090843511,210.681344139358,211.786962694877
"266",67,3,207.706591167551,208.905663864695,207.696096725213,206.621205094269,206.798235487463
"267",67,4,205.381648542616,206.179972850221,205.489497059149,204.92033603484,204.757392538975
"268",67,5,203.85058876522,204.192489818833,203.56579478617,203.43893395082,203.736971064732
"269",67,6,203,203,203,203,203
"270",68,1,183.526850882085,180.985685451026,182.921182753558,179.841725366389,180.393757844227
"271",68,2,177.269532106699,175.992192064196,176.276003051728,175.392726228158,175.016117916127
"272",68,3,171.886397571991,171.543443410475,171.430559519144,171.482999712744,171.220136790409
"273",68,4,170,170,170,170,170
"274",69,1,243.611245055178,241.103418114919,241.40404777825,237.961418905642,237.367699642633
"275",69,2,232.179884457379,230.657723754451,231.575576270323,229.096377881082,227.986470128232
"276",69,3,227.30750125176,226.602336532151,226.784196410209,225.477993789425,224.294502383856
"277",69,4,224.683910294888,223.77585452873,223.897082904756,223.306963334431,222.418256480976
"278",69,5,220.248792248747,219.351795740767,219.904266354661,219.809192045829,219.149957166281
"279",69,6,218,218,218,218,218
"280",70,1,240.905589862432,238.936151394929,243.012993559098,236.449651187709,236.200307329611
"281",70,2,230.983800522902,230.643752633575,231.598848750677,228.695000012411,229.082703103841
"282",70,3,226.084917036509,226.036864432822,227.271508136495,225.175581402084,225.1016702318
"283",70,4,224.100559168603,224.071258800501,225.076480288722,223.684302329911,223.292109835418
"284",70,5,222.426257217557,222.412779048231,222.630592115489,222.491279072173,222.628604356744
"285",70,6,221,221,221,221,221
"286",71,1,189.964297763527,193.906956775669,192.873493504541,190.26858570977,191.060916700084
"287",71,2,184.394175401306,184.701578428093,184.543798939136,183.313245965669,183.772788050016
"288",71,3,182,182,182,182,182
"289",72,1,198.687900701551,199.217279185106,198.8293451363,197.109812003965,198.090995430558
"290",72,2,190.440594145911,191.414647100501,191.217418700768,190.822615484086,190.132179265111
"291",72,3,187,187,187,187,187
"292",73,1,218.169232502447,221.957022280948,221.089458445688,214.808807734968,220.271583593573
"293",73,2,210.3851110142,212.717904931283,211.185411704956,208.844692331927,211.027946114098
"294",73,3,206.962305820786,208.661707070454,207.921578119943,206.158153862089,206.994358850327
"295",73,4,204.698837870302,204.999861779428,205.051655484845,204.922346165964,204.417344765139
"296",73,5,202.545782990574,203.197107174615,202.857008763887,202.934307698284,202.512595223914
"297",73,6,201,201,201,201,201
"298",74,1,179.368663728693,179.673202873789,180.168470552893,177.288625385333,179.27822924882
"299",74,2,173.483010117305,173.92198813395,173.685713596302,173.156100132114,173.790414353535
"300",74,3,171,171,171,171,171
"301",75,1,196.641658082084,194.826805986625,197.381365415643,195.033449332168,193.8208296371
"302",75,2,189.167026914502,188.548247263788,189.302050447708,188.403484262614,187.957647764204
"303",75,3,185.504959295486,185.433686637498,185.615862993587,185.434843186694,185.123776525638
"304",75,4,184,184,184,184,184
"305",76,1,213.015528511686,214.602041272132,214.854040474328,209.647458896309,209.956151634821
"306",76,2,204.985245864411,205.747619260328,205.980555588837,203.474842430523,203.626424298739
"307",76,3,200.035071629789,199.992244952656,199.674242431225,199.502897922104,199.460706308327
"308",76,4,198,198,198,198,198
"309",77,1,209.84245527674,205.73621496468,208.000251804958,204.060102621365,205.909794312068
"310",77,2,201.230455491223,199.315039919987,201.741153929508,199.075267637088,199.081473353619
"311",77,3,195.507291076796,194.857364682349,195.967675716808,194.350059474908,194.707080239612
"312",77,4,193,193,193,193,193
"313",78,1,196.333940832079,195.997152996141,198.122855820373,193.202728637203,195.997152996141
"314",78,2,189.013797086211,189.848612085619,189.577504653698,188.213881007561,188.099027273681
"315",78,3,185.353725213277,185.499644124518,184.869886046907,185.16244993312,185.549632262001
"316",78,4,184,184,184,184,184
"317",79,1,217.362882604099,219.409974534313,219.616304582787,213.745434015122,212.186989547935
"318",79,2,209.404894743887,210.183204031045,210.627853779723,207.248568718912,206.093494773968
"319",79,3,205.7876275347,206.244948328431,207.066392140773,204.45652743459,203.235483950779
"320",79,4,203.56161694443,203.769473315359,203.504930501824,202.899427487565,201.995215102981
"321",79,5,201.558207413188,201.350259098039,201.413278428155,201.02016893081,200.593172057643
"322",79,6,200,200,200,200,200
"323",80,1,187.724129288429,188.554620251407,186.677190675794,185.545607678198,187.736976360261
"324",80,2,180.756921309649,181.553005111199,180.261300314555,180.185020115072,180.364991208362
"325",80,3,176,176,176,176,176
"326",81,1,202.794358184622,206.052466602481,205.510746109183,200.050588078916,203.205689101764
"327",81,2,197.325801863775,199.180332207301,198.488989424621,195.176052860642,196.939460155437
"328",81,3,194.281982779531,195.61311740675,195.292518098066,193.115682304464,193.884026206401
"329",81,4,192.269966774691,192.098361647383,192.410453787238,191.809105854205,191.916119595158
"330",81,5,190.825442463524,190.891803700138,191.048023385756,190.603035284735,190.828592257366
"331",81,6,190,190,190,190,190
"332",82,1,174.780183625097,174.091533593357,174.873382987387,173.824641381868,175.975878759016
"333",82,2,169.190971250746,169.482036757675,169.924399395315,169.333587053155,169.447966934277
"334",82,3,167,167,167,167,167
"335",83,1,170.871553103232,170.805239137111,170.035581216785,168.389440421723,169.242452099344
"336",83,2,164.36236306573,164.167179013315,164.054886982818,163.322395561113,163.348885313285
"337",83,3,161,161,161,161,161
"338",84,1,173.658672851084,179.068726773208,178.962857292415,176.424931324825,177.654980590489
"339",84,2,169.973955645727,172.041692763661,171.928357196449,170.8680617276,171.55230417952
"340",84,3,168,168,168,168,168
"341",85,1,174.984134280366,175.117850364478,174.84244187634,172.900815870888,171.537871536171
"342",85,2,167.763465738316,167.451461542054,167.983907718166,167.12714273447,166.775183662139
"343",85,3,165,165,165,165,165
"344",86,1,228.01186161059,226.207841314467,227.262080291869,222.669679359074,224.905585429506
"345",86,2,218.614987463008,218.083456424151,218.1227148681,215.72677767768,216.62413310762
"346",86,3,213.568518013381,213.358636842549,213.321655816372,212.479291407351,212.112169428799
"347",86,4,211.480323758363,211.687664063689,211.933397777319,211.023521699962,210.170311642977
"348",86,5,209.566145691264,209.267634521893,209.388258039054,209.511760849981,208.856701964333
"349",86,6,208,208,208,208,208
"350",87,1,190.646658219527,192.108793482329,191.831811573672,187.87672362347,188.792770409731
"351",87,2,184.725458032289,185.775331462777,185.440487801345,182.987405264019,182.792298344945
"352",87,3,180.859550472025,181.454830240136,180.86823310268,180.186727757148,180.344105742512
"353",87,4,179,179,179,179,179
"354",88,1,172.852015071023,172.766655246422,173.937246873534,171.248671300676,170.676210884271
"355",88,2,166,166,166,166,166
"356",89,1,229.081291265713,230.24189084473,230.2744410194,226.542434120246,227.814748014518
"357",89,2,219.449753761428,220.799111078335,219.506929215352,218.684549211869,219.054617055905
"358",89,3,216.199848468571,217.29518651093,217.067879580181,215.680063805725,216.291354270303
"359",89,4,214.131726918571,214.622701671384,214.390873883043,213.946706840641,213.704469960377
"360",89,5,212.477229678571,212.722268007707,212.665692433775,212.386685572067,212.763784756768
"361",89,6,211,211,211,211,211
"362",90,1,218.719839841159,218.7009725172,220.611430446241,217.476759791872,215.506055108284
"363",90,2,211.154166842331,211.540381942367,212.605568678938,210.988844700099,209.502595046407
"364",90,3,207.145489357877,207.537217132815,208.030790526193,207.162638363925,206.556452608635
"365",90,4,205,205,205,205,205
"366",91,1,165.708560926917,168.032120970704,166.506513612977,163.371698066659,165.046208058451
"367",91,2,161.479884707597,162.92071357115,162.196894108427,159.940783723074,160.585356958688
"368",91,3,158.004833953106,158.107471603237,158.098530461944,157.694351712392,157.583662760717
"369",91,4,157,157,157,157,157
"370",92,1,179.890061534547,177.247780010127,179.678555111518,177.377694840538,179.247949072446
"371",92,2,174.12476500019,172.853813378988,173.039159817626,173.187892832331,172.898610903304
"372",92,3,170,170,170,170,170
"373",93,1,206.380533198552,206.528226412203,206.391146148109,204.039331222504,199.926172092663
"374",93,2,198.923960428933,198.91820305343,198.526839516986,197.863984604065,195.353380500742
"375",93,3,194.609800469367,194.341545648853,193.925952644357,194.283321438751,193.168602295713
"376",93,4,192,192,192,192,192
"377",94,1,178.946858474237,179.093967991155,180.626937829164,177.588959322664,177.234303349837
"378",94,2,171.770586150358,171.6371628085,172.091289026008,171.728783951471,171.069824885751
"379",94,3,169,169,169,169,169
"380",95,1,245.017185601549,248.33270111078,244.201454412584,241.960803099694,239.083550630464
"381",95,2,232.261944543731,234.444391265628,233.319909755469,231.725557141656,229.981092259425
"382",95,3,227.284289496778,228.990534431458,226.941073232333,226.577289713661,225.672595297133
"383",95,4,224.608799909041,226.009938254644,224.25195587454,224.187022693521,223.488005288084
"384",95,5,222.306634449825,222.902508197966,222.31328987241,222.348355754951,221.78887972549
"385",95,6,221,221,221,221,221
"386",96,1,210.864010656697,212.889133848977,209.674941136143,206.266902940423,198.190555691358
"387",96,2,200.870894529778,203.418671611746,201.992519912835,199.211270940796,195.417186741629
"388",96,3,196.916399377949,198.764615883736,197.42604575912,196.098492117431,193.881928930173
"389",96,4,195.099469173055,196.058769530242,195.115947069594,194.64586199986,193.040013356148
"390",96,5,193.442856339181,193.948209374516,193.772866436148,193.037592941122,192.346671118716
"391",96,6,192,192,192,192,192
"392",97,1,240.652568047505,242.611781833512,241.417723017283,232.229331996194,233.006477369969
"393",97,2,230.03610563832,231.555219943838,229.770813156836,227.193436721821,225.03059372845
"394",97,3,224.851321671044,225.93323932197,225.496149431458,223.094452196168,221.544837174008
"395",97,4,221.950311594115,222.809916754265,222.64637361454,220.635061480777,220.363224782672
"396",97,5,220.345497509006,220.873456762288,220.911727465112,219.581036888466,219.122531771769
"397",97,6,218,218,218,218,218
"398",98,1,195.626223516881,198.866615536222,193.668643987309,194.217060544577,192.584667495921
"399",98,2,187.573428007353,189.555690234989,187.122166287568,187.719803596327,186.992369812864
"400",98,3,184,184,184,184,184
"401",99,1,165.207804685256,165.148436916878,165.657651876539,164.571729759212,164.860571052597
"402",99,2,159,159,159,159,159
"403",100,1,214.997760581075,220.410064479017,218.907832716525,213.466698398946,216.055496492678
"404",100,2,209.148768319591,212.799825059119,211.424037907572,209.072916769444,209.627013600678
"405",100,3,205.791013502814,207.707679564923,206.822889987992,205.643623790319,205.214241446
"406",100,4,203.57056273688,204.462136282908,204.106549649928,203.982560003556,203.525402720136
"407",100,5,202.433258686036,202.783406999107,202.720661722344,202.482244325189,202.272393342881
"408",100,6,202,202,202,202,202
"409",101,1,233.355416941543,237.677575847944,235.522979748885,231.776375873624,234.345122553088
"410",101,2,223.540253166182,226.333088656216,225.29559724937,223.006494905856,222.359463825151
"411",101,3,217.651154900965,219.258032128041,218.196590573236,217.238385276049,217.661567439327
"412",101,4,215.212235417391,216.147446930309,216.271436220386,215.060629599489,215.312619246415
"413",101,5,213.07074513913,213.40281293231,213.383704691111,213.059448707516,213.08412993519
"414",101,6,212,212,212,212,212
"415",102,1,221.384593739503,222.131848234546,221.177285315412,216.290883014626,219.354492603816
"416",102,2,213.506287342111,214.198307776937,211.721548124009,211.254263630651,212.689906752044
"417",102,3,207.454834602086,207.931960603899,207.563302250681,206.881813835771,206.993679528308
"418",102,4,205,205,205,205,205
"419",103,1,202.733484136931,201.937314841318,202.182593196539,198.992592253658,200.413423191634
"420",103,2,194.506500558749,194.274497017415,194.026007193706,193.384852140422,193.129156722609
"421",103,3,190,190,190,190,190
"422",104,1,227.949110427445,222.188757948329,226.88334992738,224.381207462257,218.831977937501
"423",104,2,218.499531803919,214.867358846991,217.761239347077,216.418120501438,212.838650043147
"424",104,3,213.774742492155,211.518811971186,213.113030134183,212.493456213605,210.474309681155
"425",104,4,210.566552218736,209.7026509538,210.672720297414,209.990771740205,209.264647170368
"426",104,5,208.991622448148,208.34053019076,209.103949688062,208.853187888659,208.494861936231
"427",104,6,208,208,208,208,208
"428",105,1,224.581214894005,221.36782415287,224.975420566587,220.777579281951,221.208268268821
"429",105,2,212.733921834277,211.016962698133,213.385406832976,210.972356877378,211.981523933197
"430",105,3,208.142387203473,206.731928655043,208.272165479913,206.515437602572,207.056819901299
"431",105,4,204.457822376284,203.78248963837,204.465641361521,203.841286037689,203.660472293094
"432",105,5,202.473825930875,202.112995855348,202.363531027484,202.058518327766,201.962298488991
"433",105,6,201,201,201,201,201
"434",106,1,216.620699168339,217.788262465105,216.292807681603,211.214218345207,213.090312596529
"435",106,2,209.287063611308,208.082548227466,208.610375116651,205.897953327795,206.552226886847
"436",106,3,204.481121035386,204.304072931962,204.037498589894,202.652066419754,203.004218485984
"437",106,4,202.723930958607,202.601805627488,202.358005756431,201.693656092909,201.790853780956
"438",106,5,201,201,201,201,201
"439",107,1,177.572247753951,176.686688350176,177.205653491014,175.810634769159,177.28838250681
"440",107,2,170.494217478001,169.870129881534,170.222837944531,169.290765039981,169.933091504134
"441",107,3,167,167,167,167,167
"442",108,1,206.606742093752,209.839490987975,208.700736381152,205.08017186726,205.165472789852
"443",108,2,199.327535361795,201.273235657744,200.813844964987,198.970544389051,198.770225464209
"444",108,3,195.846175620424,196.586039344976,195.931483612122,195.449742113473,195.415341621249
"445",108,4,194,194,194,194,194
"446",109,1,219.659106104056,222.877681060255,220.850247505727,218.222358798553,210.52952551536
"447",109,2,212.562455987473,213.320595452291,212.466107570344,210.994028857701,206.397208806055
"448",109,3,208.271458242562,208.314502990976,207.626939553948,206.910850112487,203.801266257902
"449",109,4,205.795882620498,205.185695202655,204.757200381435,204.648548375274,203.059568387001
"450",109,5,204.035473289253,203.592847601327,203.575543075106,203.544986552243,202.476805774151
"451",109,6,202,202,202,202,202
"452",110,1,222.431482002329,223.014167432712,222.105239801968,219.34792753112,219.068680011004
"453",110,2,213.819865621182,214.823161309746,213.905896195579,212.684120447738,210.838151462008
"454",110,3,208.979349223936,209.795578241167,209.019985964374,208.553661511757,207.247652430568
"455",110,4,206.165095504607,206.180237607582,205.48191303833,205.800022221103,204.540968545327
"456",110,5,203.96997760353,203.299263040195,203.68479663145,203.156528502075,202.773338252926
"457",110,6,202,202,202,202,202
"458",111,1,187.085377051829,190.142374642382,189.61229601237,186.684377609072,188.086854125845
"459",111,2,181.893733022212,183.112578796792,182.80170889963,181.606626766609,181.654657291973
"460",111,3,178.624920114676,179.523941756736,179.224925739701,178.759289845602,178.730931458395
"461",111,4,178,178,178,178,178
"462",112,1,232.31738179126,228.450842763136,230.963833547004,225.08477201191,228.967588006246
"463",112,2,222.718155031911,221.268080429936,221.687407229894,219.38838419638,220.921102972356
"464",112,3,217.653532324524,217.329146247213,216.99048251237,216.117191193403,216.314781829767
"465",112,4,215.769021549683,215.070051642416,214.818154830515,214.425194812552,214.50723809027
"466",112,5,214.414529430266,214.027392594048,213.87876988701,213.579196622127,213.749235876933
"467",112,6,213.354492119417,213.39021206449,212.763250266598,212.733198431702,213.04954152616
"468",112,7,212,212,212,212,212
"469",113,1,219.23819383867,223.421760397358,222.194054542027,217.284651216494,217.324328230161
"470",113,2,213.214063146503,215.309364675701,214.512611493726,211.802151973607,210.740182510663
"471",113,3,207.411001470563,208.09834625645,208.569305193581,206.971038779381,205.679640759313
"472",113,4,203.652828194716,204.492837046825,204.308066714232,203.605544194639,202.68684725045
"473",113,5,201.884276064905,202.46473811641,202.401723183996,202.194207755876,201.70738755664
"474",113,6,201,201,201,201,201
"475",114,1,192.674127805815,193.331715814637,193.234958463617,190.959105196043,192.331154013403
"476",114,2,185.62423874337,185.694039516666,185.744986154539,185.116210502972,185.460195124106
"477",114,3,182,182,182,182,182
"478",115,1,191.210517657456,188.597283565599,189.850316503576,188.481554810554,188.808553010402
"479",115,2,184.421469839911,183.345038828206,183.918810148288,183.288140366582,183.134978229875
"480",115,3,180.709472472044,179.907205909186,180.20559072262,180.381734118121,180.105866270781
"481",115,4,179,179,179,179,179
"482",116,1,175.931600060612,176.9694136935,175.490988234037,174.134167919729,174.920243655419
"483",116,2,170.208229562329,170.777331143673,170.120942451806,169.235659724837,169.875162796952
"484",116,3,168,168,168,168,168
"485",117,1,159.759929030608,159.954781083325,159.375217154341,157.517787419964,159.1758306735
"486",117,2,153,153,153,153,153
"487",118,1,173.543300042598,172.767306959087,175.405029253068,171.443878500551,168.447478215639
"488",118,2,166.106117439935,165.561204935938,166.837527035122,165.528877317424,164.759954500437
"489",118,3,163,163,163,163,163
"490",119,1,212.759624613886,213.071679469677,215.278000926578,209.487901061147,209.716694039822
"491",119,2,204.131755813857,205.208194528976,206.00418573276,203.956689439113,203.617593032792
"492",119,3,200.496112986172,201.112629455694,200.925667888526,200.393312721072,200.03303366901
"493",119,4,198,198,198,198,198
"494",120,1,193.446027341695,191.752475282717,193.197566826086,192.491410770426,191.429852212186
"495",120,2,186.314604829576,185.088658874285,185.149487125106,186.015500296854,184.96043074702
"496",120,3,183,183,183,183,183
"497",121,1,185.917791391032,184.249712399698,185.990480392794,184.8111767229,185.305411552
"498",121,2,179.217396778311,178.88304218174,179.078444391883,179.08298045944,179.112359007445
"499",121,3,177,177,177,177,177
"500",122,1,218.878492978856,219.150503013404,218.346365295112,216.085626859527,216.326619049824
"501",122,2,210.827148057252,209.880161406686,208.590032080385,207.732653728203,208.299910544314
"502",122,3,204.608178186772,204.107014537832,204.820539701968,203.284966736199,203.207102389095
"503",122,4,201.498693251532,201.442485213746,201.328215880787,201.115363325465,201.048194584164
"504",122,5,199.943950783912,200.165731579288,200.219541651841,199.97632153483,199.608922714211
"505",122,6,199,199,199,199,199
"506",123,1,184.257787934293,184.934804799706,182.644523333769,179.956298597412,180.458133382279
"507",123,2,176.870298458678,177.708325105987,176.602652186511,175.864185057205,175.682753064397
"508",123,3,174,174,174,174,174
"509",124,1,188.123342243587,188.859405334689,186.883497610588,186.62542410584,184.512983751192
"510",124,2,182.359333980492,182.989456505128,181.937550292261,181.696610331074,180.577079901551
"511",124,3,178,178,178,178,178
"512",125,1,235.097732437546,236.586674838025,233.206724790066,228.029711932759,228.194021661445
"513",125,2,226.101661035376,227.491556005881,224.538159421547,221.522595272216,221.324693860485
"514",125,3,220.969673993869,221.973850581048,220.41311797032,218.412999699921,217.773600675243
"515",125,4,216.682955406258,217.547559416072,215.869594053027,215.533744540388,214.862868556193
"516",125,5,214.267902680843,214.515853138691,214.016314560447,214.036531857432,213.815004993334
"517",125,6,213,213,213,213,213
"518",126,1,160.821013302059,159.689648150996,160.443884665815,159.469348969459,159.710781424626
"519",126,2,155,155,155,155,155
"520",127,1,236.859236145069,235.954934000051,234.352027884339,230.234611221744,231.317201414863
"521",127,2,225.344455498514,224.560726972832,223.958484584147,222.422934331762,221.163753507283
"522",127,3,220.400937105752,220.280363486416,219.860458940071,219.066806482733,218.726926009464
"523",127,4,218.833480054388,219.014340483391,218.969583800055,217.96738529081,217.7986107722
"524",127,5,217.627743861031,217.567457051364,217.662966928031,217.041556918664,217.102374344252
"525",127,6,216,216,216,216,216
"526",128,1,187.739229164027,188.743857715146,188.672539145989,186.881203152284,184.6575181923
"527",128,2,181.760692449476,182.737064538042,182.259224338078,181.58113030334,180.313605612927
"528",128,3,178,178,178,178,178
"529",129,1,195.688130484297,195.656934304532,195.35426941189,193.357674155173,195.126240589063
"530",129,2,188.002855707493,188.63648943093,187.893104688616,187.126508808713,187.632822553156
"531",129,3,185,185,185,185,185
"532",130,1,193.125934699919,192.251782046258,191.356381375087,192.275338196876,191.832809258192
"533",130,2,185.991366708491,185.466786199218,185.545576100033,185.785650914639,184.880317863511
"534",130,3,182,182,182,182,182
"535",131,1,238.907676937022,238.959122017039,239.429909490421,237.276576551178,231.684273033602
"536",131,2,227.527855861402,228.563907392726,226.330348024941,227.19863522961,222.861867057768
"537",131,3,223.024611157681,223.212524716305,223.54978073274,222.491572815944,220.967122150207
"538",131,4,219.555895642653,219.829466702476,219.286244218032,219.65526597694,218.539480237394
"539",131,5,217.851965214218,217.861142039884,217.617903842711,217.603469540214,217.592107783613
"540",131,6,217,217,217,217,217
"541",132,1,191.017707368425,192.868450993348,193.087067210809,188.623312967202,191.19056880666
"542",132,2,185.32136396285,184.774068098303,185.445243726289,184.144616598971,183.968126836891
"543",132,3,181,181,181,181,181
"544",133,1,194.444895177192,196.559897338951,194.253591726919,193.534019852073,190.124842144943
"545",133,2,184.998869078388,186.585193154114,185.049750628543,184.936574902498,182.964502295567
"546",133,3,180.055611897149,180.977523637265,180.594699884117,180.100512118362,179.241125573892
"547",133,4,178,178,178,178,178
"548",134,1,239.314885837917,239.978009456772,239.926357132916,234.694366534497,237.569446999757
"549",134,2,229.951146276502,230.383468274024,230.048511772458,227.888840944306,228.555189343981
"550",134,3,224.296420437466,224.455630727995,224.743742967767,222.917848339297,223.291830846984
"551",134,4,221.134638247897,221.033374000391,221.755999617999,220.313995070006,221.113889399951
"552",134,5,220.161782189569,219.811139454818,220.231640766076,219.18960388554,219.843423555849
"553",134,6,219.128122627594,218.833351818359,219.438974163076,218.301926634645,219.238439820562
"554",134,7,218.155266569265,218.161122818294,218.402410143769,217.946855734287,218.39146259116
"555",134,8,217.608035036456,217.488893818229,217.731692248923,217.355070900358,217.665482108816
"556",134,9,217,217,217,217,217
"557",135,1,224.811984827801,223.24584592223,226.064945951683,223.968722803513,220.393258549432
"558",135,2,217.732862652649,216.792792141274,218.692398876712,217.203783479853,214.228997292371
"559",135,3,212.08098285152,211.754881733335,213.162988570484,211.960955504017,210.754595492937
"560",135,4,209.797395053084,209.660469541271,210.05269527323,209.987848201283,209.577781980225
"561",135,5,207.685076339531,207.84908602381,207.633578264255,207.676493932366,207.504348648305
"562",135,6,207,207,207,207,207
"563",136,1,203.660473494421,204.270111267015,203.013705476488,200.293773518184,203.724678133553
"564",136,2,196.3766959942,196.42729901763,195.854248710353,194.758105656764,195.83682935247
"565",136,3,192.515416355528,192.220227546105,192.176232987288,191.836081890645,191.97615402558
"566",136,4,190.367966716909,190.298478849236,190.107025829446,190.091967358965,190.165486891136
"567",136,5,189,189,189,189,189
"568",137,1,182.055300141017,181.859324351734,183.779288386363,179.72196861728,179.884737437181
"569",137,2,175.475334150121,175.656744712615,176.068348599306,174.935251228791,174.597861467742
"570",137,3,172,172,172,172,172
"571",138,1,204.401020588243,203.890863810884,202.380203422267,198.834944747464,195.9656603044
"572",138,2,195.183271421759,196.739199427398,194.840618568634,192.966016342588,191.633630451548
"573",138,3,191.70379281732,192.028305534878,190.852399177755,189.855985905816,189.538432247631
"574",138,4,189.251986304446,189.3444922196,188.853150024337,188.752426718574,188.468855542135
"575",138,5,188,188,188,188,188
"576",139,1,216.726168784699,213.367159339844,218.384094206587,213.75286607355,217.824870262392
"577",139,2,211.46565457855,209.640810019105,213.297429985367,210.008407524295,213.145105023846
"578",139,3,209.250701228592,207.858642952665,211.005636215367,208.380382068097,210.136684513352
"579",139,4,204.543925359932,204.456324007642,205.527690130976,204.093248366776,204.84409287452
"580",139,5,203.159579516209,203.376222755254,203.179998951951,202.790828001818,203.451305601143
"581",139,6,201.830607506234,201.864081001911,201.782563726342,201.814012728099,202.002806836831
"582",139,7,201,201,201,201,201
"583",140,1,218.91800083996,215.988563574786,217.171832578179,214.126624767327,214.712342833946
"584",140,2,210.10999480908,209.355630426207,208.631775785182,207.795403199862,207.452867215975
"585",140,3,205.630494599091,205.723701770824,205.319873085952,204.362618104459,204.011338034122
"586",140,4,202.526721045352,202.722697277629,202.279347029301,203.137394493364,202.021703975863
"587",140,5,201,201,201,201,201
"588",141,1,187.985238739445,189.854121739921,188.873569077624,185.122097921712,188.159396081586
"589",141,2,180.736339462252,181.352190164158,180.621306831213,180.746429917523,181.418564558259
"590",141,3,178,178,178,178,178
"591",142,1,206.002055613839,207.896888338425,206.678906266242,204.002994823268,201.742328949924
"592",142,2,199.108228941325,200.003220052744,199.301214763452,198.163449397507,195.889365668238
"593",142,3,194.784538104957,195.818624816962,195.045661556651,194.427782376457,193.589987236147
"594",142,4,192.193464298659,192.812267886204,192.385284890993,192.057070613099,191.463954406475
"595",142,5,191,191,191,191,191
"596",143,1,203.130593295771,199.799670397639,NA,NA,NA
"597",143,2,196.261880378333,194.527956413464,NA,NA,NA
"598",143,3,194.12565249639,193.238287592774,NA,NA,NA
"599",143,4,192.935921621545,192.524088524743,NA,NA,NA
"600",143,5,192,192,NA,NA,NA
"601",144,1,207.894595482914,208.976205954186,207.89931626637,203.267506033999,208.377201656575
"602",144,2,198.675730102824,199.184287786254,197.810381359803,197.149403210108,198.699764314053
"603",144,3,194.596117262209,194.980149007631,194.376974192647,193.988383417764,194.020563840746
"604",144,4,192,192,192,192,192
"605",145,1,200.762709155851,198.569619580041,202.336820291019,197.881870903937,197.879076204213
"606",145,2,192.971818426175,192.289120989002,193.986804077568,192.364074967728,192.407587844957
"607",145,3,188.922605481146,189.27652410387,189.365411456288,188.953073843527,189.013238585047
"608",145,4,188,188,188,188,188
"609",146,1,173.672684893798,173.663355276822,173.766904545609,171.869794593639,173.536316806773
"610",146,2,168.280341954649,168.39389175793,167.952120918419,167.304424768752,167.636872730888
"611",146,3,165,165,165,165,165
"612",147,1,213.495708229526,215.087695483184,212.326845329188,206.940225116223,212.019346533202
"613",147,2,207.455202362658,209.217564631529,207.17131159627,203.337570986328,206.505290335529
"614",147,3,202.163077753631,203.293579368392,202.334676857141,200.249581732133,201.521431849171
"615",147,4,199.116096918132,199.362207330128,198.614188596272,198.036522766626,198.658364208071
"616",147,5,196.389850907421,196.507923521526,196.70079463354,195.926396776259,196.007375651498
"617",147,6,195,195,195,195,195
"618",148,1,229.812572322995,234.02890805799,234.465401183304,230.591874312167,228.216595579578
"619",148,2,222.794716189965,225.869058746104,225.175756498911,222.053326104477,222.616734041583
"620",148,3,217.487093904481,219.643395937776,219.203842058944,218.017984828239,217.433883469185
"621",148,4,214.47944127604,216.016796243604,215.343210501794,214.80140844863,214.633952700188
"622",148,5,212.592286685645,213.478176457684,212.628703938173,212.403596965648,212.429751882041
"623",148,6,211,211,211,211,211
"624",149,1,176.822360214852,178.486381703013,176.693143659824,177.043809818929,175.887059465739
"625",149,2,171.290716797404,171.901320490839,171.707905623541,171.499649832417,171.033605860397
"626",149,3,170,170,170,170,170
"627",150,1,175.943568001447,175.875068618838,176.309785112313,174.152309254403,173.193318690588
"628",150,2,168.274100262728,168.087982447324,168.604712386395,167.464083260801,166.884025153451
"629",150,3,165,165,165,165,165
"630",151,1,249.574120365148,246.431764941747,247.953258700126,242.333819471033,246.434945063235
"631",151,2,236.886713730006,235.496941302265,235.382347516183,232.849304258828,234.341510846111
"632",151,3,231.458271090095,230.810588313916,230.165419374847,228.532633873786,229.140707529939
"633",151,4,227.355378397138,226.374174151612,226.645564243343,225.735917849675,225.569071517627
"634",151,5,224.451792799046,224.624602369295,224.068527450635,224.215963488744,224.190545337437
"635",151,6,223,223,223,223,223
"636",152,1,189.550554852238,190.56271079008,189.760247298848,186.40356039905,188.716186314115
"637",152,2,183.054238353761,183.520903596693,183.301974210556,182.307165143775,182.744876353064
"638",152,3,180,180,180,180,180
"639",153,1,169.518471810569,169.220920273002,170.189466645529,167.681617027498,169.996709199787
"640",153,2,163,163,163,163,163
"641",154,1,204.259273053862,205.15838909687,205.429508791441,201.853223058046,201.500490891473
"642",154,2,197.577434664514,197.368643422756,198.267416836565,196.631389322571,196.27585639913
"643",154,3,192.566055872503,192.631635918227,192.369223461962,192.228666761288,192.485435296842
"644",154,4,191,191,191,191,191
"645",155,1,201.241991234337,196.513685882417,201.089722566515,200.854805946583,201.832549967164
"646",155,2,192.765702058918,190.314008868808,191.902846274593,192.876909960723,192.177844130142
"647",155,3,188.95898536337,187.853819577693,187.842348466009,188.837468955224,188.791114857469
"648",155,4,186.928736459078,186.328502217202,186.065880674753,186.918734477612,186.516445942988
"649",155,5,185.710587116502,185.442834072401,185.55831844868,185.605916150825,185.606578377195
"650",155,6,185,185,185,185,185
"651",156,1,191.234479276385,187.873400286568,189.324156714223,186.378401693643,186.539734030812
"652",156,2,182.053364501623,181.085437589552,181.517716766546,180.855209515711,181.368450645487
"653",156,3,178,178,178,178,178
"654",157,1,231.177720073989,230.595867486982,230.372541637665,227.842249331996,229.671729199008
"655",157,2,221.326245833442,221.500826289027,221.096283485645,219.585156599066,220.304239104242
"656",157,3,216.017068099016,216.337189995995,215.694917979405,214.619352577863,215.035025925937
"657",157,4,214.129360460109,214.283471015811,213.581340172615,213.002579175611,213.512808785537
"658",157,5,212.005689366339,211.995041295035,211.93744632289,211.385805773359,211.229483074938
"659",157,6,210,210,210,210,210
"660",158,1,203.037941779473,202.532611886663,203.991204911142,198.725316364443,200.379237393347
"661",158,2,196.047044080728,195.253302025587,196.709259949224,193.43645025963,194.21973942358
"662",158,3,189.775797615678,189.204298056523,189.427314987306,188.297269044577,189.019507531071
"663",158,4,187,187,187,187,187
"664",159,1,197.401716528331,196.887685885232,196.308300895876,193.705270804066,193.420591882505
"665",159,2,190.29481698825,190.273671095138,190.113164396877,188.895611321273,188.997722548562
"666",159,3,186,186,186,186,186
"667",160,1,208.290683815798,202.672990678226,208.226085253409,202.671541598825,209.283413677106
"668",160,2,198.276378869121,196.529622281149,198.723929072697,197.540451895378,197.480919841049
"669",160,3,194,194,194,194,194
"670",161,1,159.685585989797,159.314752705328,158.9639395282,157.872312903896,159.025043255259
"671",161,2,154,154,154,154,154
"672",162,1,188.068545548526,189.016192987937,189.299651496907,187.689363447864,187.127290344651
"673",162,2,182.046688163044,182.513242061137,182.402461622171,182.317043120335,181.727375114569
"674",162,3,178,178,178,178,178
"675",163,1,185.724625881614,186.381839994447,185.649457976572,183.576727288624,181.451099925918
"676",163,2,179.273636435395,179.784035138163,179.280815712034,178.682443822681,177.755438959194
"677",163,3,176,176,176,176,176
"678",164,1,189.284146496317,189.798540982492,188.459555317543,185.399242141917,189.454395236877
"679",164,2,181.419438332217,182.40609414284,181.970757111289,180.874864781255,182.191821235623
"680",164,3,178,178,178,178,178
"681",165,1,200.02368875019,198.984299277774,198.791128982133,195.233652777059,193.030155066246
"682",165,2,193.191635256508,192.212096125052,192.064320115035,190.78964876671,189.075692841483
"683",165,3,188.619809986299,188.189509289978,187.834584236481,187.77760160414,186.634666776814
"684",165,4,186,186,186,186,186
"685",166,1,200.929158656764,199.350539134534,200.429874279275,194.948660393636,195.236742362212
"686",166,2,192.427154883774,191.303697275198,192.268869814875,189.514599924349,189.537684742656
"687",166,3,187.837397304707,188.141714076063,188.13260916708,186.970272596295,188.263604793314
"688",166,4,185.922026772266,186.119869049694,186.145581993139,185.608108826017,185.573335977204
"689",166,5,185,185,185,185,185
"690",167,1,200.790606753719,201.920661687232,201.826306871402,198.786425406308,194.053691787366
"691",167,2,192.109431888745,191.932975049181,191.43058741922,191.125039136407,189.65988323202
"692",167,3,188,188,188,188,188
"693",168,1,180.955662469051,182.142424175222,181.731612502073,178.405581825544,181.664382225615
"694",168,2,174.658127139791,175.615481143711,174.499438859372,173.889983151432,174.147637044565
"695",168,3,171,171,171,171,171
"696",169,1,163.079197319412,163.088739882587,163.046333716898,161.599393239705,162.077285618383
"697",169,2,158,158,158,158,158
"698",170,1,188.528845034077,189.412427120304,188.839763556042,187.10845388633,185.544405379343
"699",170,2,182.69485827852,183.816963948178,182.247606690911,182.720349430198,181.259938548262
"700",170,3,179,179,179,179,179
"701",171,1,226.62259308221,225.902972276922,226.763773558431,222.765733361783,217.680399002307
"702",171,2,215.369007237743,215.696875247361,216.248527904536,214.057084645986,210.049897566757
"703",171,3,209.540226877276,210.421813861296,210.528696477418,209.506113381601,208.033265044505
"704",171,4,208.097459461319,208.644347524688,208.795414226776,208.157677451413,206.1801432673
"705",171,5,205.789031595787,205.892141584132,205.906610475706,205.74172974316,204.599539398507
"706",171,6,204,204,204,204,204
"707",172,1,227.216898540566,228.369196826992,228.242741213669,222.808826888414,219.623044676929
"708",172,2,217.160669917229,217.418830841004,217.645414247994,214.715688016215,215.026651554225
"709",172,3,211.870977404376,213.319763359618,214.210017044836,211.206774659037,213.088413490435
"710",172,4,209.37145237083,210.274741802017,210.599938627958,209.339127226991,210.319501970734
"711",172,5,206.871927337284,207.112604030662,207.397449709759,207.301693664759,207.329077529456
"712",172,6,206,206,206,206,206
"713",173,1,208.438067846781,208.51564425258,208.770221225165,204.175507852024,202.091609265534
"714",173,2,200.825112526769,202.284679731982,201.633921128749,200.113463070201,198.457119703745
"715",173,3,197.715595565073,198.148608455379,197.663348142774,197.02836576755,197.074989870388
"716",173,4,196,196,196,196,196
"717",174,1,193.255525847479,192.603282099242,192.07267844534,191.232198021161,189.575595341418
"718",174,2,186.189276436506,186.301331417617,185.440667389745,185.858961077628,184.58912752175
"719",174,3,182,182,182,182,182
"720",175,1,214.066154689584,214.532354912367,210.873139457919,212.204230294117,207.201865870991
"721",175,2,203.781506387381,204.339559710565,202.267965914409,203.619207621737,199.907627629415
"722",175,3,199.972377386565,200.469567949453,199.771403219687,200.29251133619,197.875661262119
"723",175,4,198.503141914822,198.670839384429,198.284089273895,198.468194018309,197.146237437962
"724",175,5,196.544161285831,196.654083114554,196.84989368331,196.536563917024,196.260508508628
"725",175,6,196,196,196,196,196
"726",176,1,181.894785214729,180.556258699316,180.819735451033,180.999737884617,181.617687657845
"727",176,2,175.188769136609,174.807939197996,174.295577471177,175.206824244032,175.375686867838
"728",176,3,173,173,173,173,173
"729",177,1,211.040406040527,215.886900768397,215.268278170445,209.578458001777,213.162967713437
"730",177,2,202.818555274196,205.189405583737,204.2484710628,202.109509069032,202.671349372972
"731",177,3,198.081177559914,199.407125016706,199.447653744998,197.6905130975,198.304832554573
"732",177,4,196.027059186638,196.286792141469,195.89394529366,195.681878564985,196.622471336512
"733",177,5,195,195,195,195,195
"734",178,1,185.087691144089,182.969854857082,185.13297323092,183.119222003584,185.918221966388
"735",178,2,178.246349799864,177.439218960747,178.453189292368,177.842108762931,178.338232795765
"736",178,3,174,174,174,174,174
"737",179,1,207.431347522925,207.789961755456,210.593988759739,206.216964979719,207.60010904051
"738",179,2,200.335342284517,200.351448433245,201.182879753862,199.792224474903,199.557486248695
"739",179,3,196.760662953891,196.498405561309,197.462208751538,196.737839644745,196.662142043642
"740",179,4,195,195,195,195,195
"741",180,1,175.333115538041,176.006799778767,175.969239468785,172.909653281,175.780875500179
"742",180,2,167.813543777534,167.786928531923,167.557693666998,167.347165105101,167.525457646817
"743",180,3,166,166,166,166,166
"744",181,1,194.30046555902,192.78968086745,193.260589869867,189.578259720746,190.288602088634
"745",181,2,188.200252031951,187.489278124521,187.655748786499,186.031940059656,186.009036728426
"746",181,3,181,181,181,181,181
"747",182,1,224.049567049776,223.738980082704,225.812820466518,219.870883583335,222.814818628116
"748",182,2,215.723899376564,215.877323258933,217.030290120788,213.809087770255,214.686362241951
"749",182,3,210.626551821536,210.051778993838,210.716052617323,209.400508997107,208.774757597468
"750",182,4,207.624780483575,207.223844884568,208.018151138569,206.865576202547,206.84211761754
"751",182,5,205.246018291229,204.904938914966,204.975836705081,204.88171575463,204.795792932911
"752",182,6,204,204,204,204,204
"753",183,1,200.361734434096,200.583257271446,200.119247869829,195.121772763894,195.608613138973
"754",183,2,193.346542375859,193.532472014202,193.479037656728,191.36931066606,190.403452486673
"755",183,3,187.662700635243,188.321022041456,187.962555325845,186.876231048917,186.78462650936
"756",183,4,185,185,185,185,185
"757",184,1,192.797154055952,192.198307953966,192.231776943394,189.306114716531,190.904584138437
"758",184,2,185.6488785051,185.26130302673,185.542629785995,184.360855665648,184.86278781399
"759",184,3,182.849553813857,182.387400985447,182.547489267757,182.200305594874,182.733302224226
"760",184,4,181,181,181,181,181
"761",185,1,207.297156345062,208.699574493616,209.154115023422,203.119737351769,203.199157912438
"762",185,2,198.019590669074,198.76872702243,199.31249791194,196.636443018405,195.832186054333
"763",185,3,192.935275016132,193.063772092174,193.121803277298,192.297230275602,191.995221544903
"764",185,4,190,190,190,190,190
"765",186,1,223.138726126661,227.055560307855,223.972680537337,216.668373786204,212.285841669035
"766",186,2,215.284262165272,218.360026087265,215.849646654585,211.752531126276,208.537328926271
"767",186,3,210.142131082636,212.255876237049,210.169203379933,208.349255438633,206.583878623703
"768",186,4,207.712332878753,209.146214992599,208.010634935565,206.944728964367,205.950327174222
"769",186,5,206.356166439377,206.842762218933,206.30650195317,205.594222739112,205.422367632988
"770",186,6,205,205,205,205,205
"771",187,1,221.021755608659,219.720425937075,222.232751593313,219.313727377753,220.342839325456
"772",187,2,212.392660937885,212.008728088369,211.02501268862,211.377778847393,211.689463837752
"773",187,3,207.767917388842,207.705824216266,208.321638480453,207.32656036686,206.712358982079
"774",187,4,204.327559382847,203.905857160382,204.266577168202,204.107784039861,203.884458495901
"775",187,5,201.902388985179,201.50293681622,201.732163848045,201.554961435689,201.565580097236
"776",187,6,201,201,201,201,201
"777",188,1,232.112577132576,230.565929825328,233.177076819933,229.650662436401,226.104514834596
"778",188,2,224.542801578039,223.594835067202,224.483662706519,223.105554190087,220.632690592629
"779",188,3,218.688053297577,217.912514129906,217.978386839339,217.371344310572,215.787846211721
"780",188,4,214.784887777269,214.92490209071,214.666610034229,214.301514779115,213.450921275048
"781",188,5,212.655888402555,212.28877382083,212.360194044956,212.332190174029,211.854972537807
"782",188,6,211,211,211,211,211
"783",189,1,209.736318207884,213.675427214808,214.526383531384,206.842918596775,206.866147710152
"784",189,2,200.702047386545,203.178942745707,204.605450338542,200.326741555444,199.899335302686
"785",189,3,197.690623779432,198.664910564694,198.685777494195,197.355364824597,197.299778434229
"786",189,4,196,196,196,196,196
"787",190,1,235.514487990723,235.133829464338,234.042968305315,231.025521029625,230.179927077754
"788",190,2,224.77307458275,224.85740864161,223.671362844291,222.189481309221,221.56044476383
"789",190,3,219.432710854492,219.263144051722,219.234953571945,217.182392134325,217.014553406486
"790",190,4,216.398413281619,216.283590085369,216.237379739279,215.002835669958,214.653051402671
"791",190,5,213.97097522332,214.520180595078,214.318932486373,213.94251090351,213.708450601145
"792",190,6,213,213,213,213,213
"793",191,1,210.098778299327,207.375121663058,NA,205.256002057696,204.442478248637
"794",191,2,202.167254868151,201.016596771895,NA,198.730760734721,197.98891069229
"795",191,3,197.003779882755,196.690715083645,NA,195.85348897026,195.046083886596
"796",191,4,195.832682463387,195.179262445581,NA,194.620372499777,194.168398698933
"797",191,5,192.638780410565,192.938143016729,NA,192.924837352862,192.464656864057
"798",191,6,192,192,NA,192,192
"799",192,1,217.041387871815,218.906282532216,215.542694325252,213.000208622435,216.350751683009
"800",192,2,209.31724627532,209.37134047897,208.23313171642,205.973283988186,208.368297234596
"801",192,3,204.186209357647,204.743269189967,203.781443210289,202.486641994093,203.933600318811
"802",192,4,201.262070038974,202.178314017749,201.033487342307,200.770141320078,201.217348457893
"803",192,5,200.434483439349,200.617036956398,199.769427643035,199.804609690945,200.108674228946
"804",192,6,199,199,199,199,199
"805",193,1,190.087398854934,189.310662653348,190.588602380041,188.961760053322,189.142085390692
"806",193,2,183.525692803666,182.861089044518,183.250454684106,182.987253351107,182.933289430169
"807",193,3,180,180,180,180,180
"808",194,1,196.878173349258,198.182042819616,196.780034432947,193.605107796253,194.400286132779
"809",194,2,189.643161829233,190.504284740026,190.678128150147,189.09110833009,188.750093674422
"810",194,3,187.077554907238,187.279626346598,186.91528594242,187.471956347662,187.000034063426
"811",194,4,186,186,186,186,186
"812",195,1,225.969803429703,226.896773137266,226.712225713429,223.886512246167,217.038036776556
"813",195,2,217.403047175802,218.363924106215,218.791119562401,216.845472504819,212.338674584557
"814",195,3,211.6725818438,212.210985349132,213.217007826492,211.791823013045,208.841474813767
"815",195,4,207.736504646061,209.018422786494,209.579166483057,208.384868299489,207.14751867479
"816",195,5,206.752485346626,206.928745472767,207.114822347182,206.73817352127,206.327862478512
"817",195,6,206,206,206,206,206
"818",196,1,189.594669200837,187.426321553363,187.935862684792,185.460189061161,184.569946990578
"819",196,2,181.716922442012,180.765060560937,181.35498956474,180.243072473445,179.756956002742
"820",196,3,177,177,177,177,177
"821",197,1,164.954935462087,164.691420285514,165.633178955301,162.758640211339,162.719005415223
"822",197,2,160.433182673111,160.678505353941,160.131643346531,159.714787528202,159.304059735629
"823",197,3,157,157,157,157,157
"824",198,1,207.478759536643,212.918856712745,211.492819782059,205.14366381549,201.272130545777
"825",198,2,199.474454318585,203.075707318991,203.811521956776,199.038371197783,196.293811980955
"826",198,3,195.77252842191,197.607891913999,197.425864728529,195.419466720339,194.985311330987
"827",198,4,193.809306789823,194.341264312995,193.685927374901,193.612588382384,193.847266704386
"828",198,5,193,193,193,193,193
"829",199,1,188.510107334442,189.937672428857,189.498231610717,188.353605101965,183.595647779862
"830",199,2,183.326389237364,183.728157334815,183.628841416125,183.271789753753,180.247432305026
"831",199,3,179.712053683438,179.925431036912,179.106524380948,179.662276048481,178.550391584904
"832",199,4,178,178,178,178,178
"833",200,1,206.020106356333,206.91634425568,205.735873146323,202.776508505494,206.80708633868
"834",200,2,198.397258107729,198.839393439365,198.365321047221,196.405023660576,198.929976424087
"835",200,3,194.488777760028,194.241338432168,193.887540637831,193.490299453832,194.224857079129
"836",200,4,192.426988798087,192.256414571427,192.20314193243,192.242592951296,192.004463680384
"837",200,5,191,191,191,191,191
"838",201,1,212.119451767129,212.888009271325,212.571685141085,206.14148461079,202.112810528506
"839",201,2,202.738078810775,204.415387969617,202.720617370596,200.276530180154,196.804428330842
"840",201,3,197.913372718936,198.371225002792,198.091153828181,196.572348434489,194.901423392056
"841",201,4,196.30513735499,196.968115742637,196.530055656901,195.749196935453,194.500790773365
"842",201,5,194.911333372903,195.511040741706,194.861295542775,194.823151499037,194.300474464019
"843",201,6,194,194,194,194,194
"844",202,1,230.980994889317,232.241919196436,229.973457942096,220.12174985808,227.78818008137
"845",202,2,219.726199956344,220.948732448828,220.14166813512,215.63836292427,219.398454608274
"846",202,3,215.365703490166,216.218601873914,215.758822076589,212.594087845756,214.48033967577
"847",202,4,212.183719582414,212.730130574914,212.264390759652,210.380069606838,211.066589310855
"848",202,5,209.35528944219,209.300785908101,209.243780638232,208.830256839595,209.041483162177
"849",202,6,208,208,208,208,208
"850",203,1,198.263593847173,196.975017228092,198.176927572411,195.821993030145,193.835094947676
"851",203,2,189.983052251763,189.821216993804,190.570407418965,189.64161373219,189.01610714284
"852",203,3,187,187,187,187,187
"853",204,1,199.609085638833,200.975624642121,200.513356911853,197.793346047914,200.855347391648
"854",204,2,192.193025774795,192.748891192316,192.282088169442,191.375214162368,192.081345797829
"855",204,3,189,189,189,189,189
"856",205,1,204.250528926816,202.811634573217,203.525023788569,199.769158615929,194.550662060141
"857",205,2,196.708725901277,196.854011871814,197.366887092522,195.485374234584,192.556454601705
"858",205,3,193.04257165275,192.916800347408,192.826565969166,192.310334046058,191.340474444123
"859",205,4,191,191,191,191,191
"860",206,1,172.408966547135,171.974954900958,172.087023806066,171.552615763469,170.331720843279
"861",206,2,166,166,166,166,166
"862",207,1,175.651301774829,175.536075498724,175.169426938819,172.187328973539,174.152170082492
"863",207,2,168.580269504144,168.571551016517,168.509802217822,167.294749612034,168.332100758189
"864",207,3,165,165,165,165,165
"865",208,1,226.46812022078,224.488564244536,225.503654928114,224.093692918859,217.365899255067
"866",208,2,216.55117183212,215.673583149618,217.08689908116,215.472246763164,211.191155909766
"867",208,3,210.670190810938,210.464730684439,211.746612612748,210.594323280337,208.021818617488
"868",208,4,208.940490510591,208.690286438059,209.250609154686,208.892722065398,207.14751867479
"869",208,5,207.153133533565,207.20204287658,207.160931840959,207.247840890956,206.327862478512
"870",208,6,206,206,206,206,206
"871",209,1,200.679789293265,199.470197527244,200.398237292804,194.084798389322,195.638709588029
"872",209,2,194.443165706201,194.318504166759,194.795200537327,191.455116244526,191.539390297229
"873",209,3,191.145872395013,190.348669871327,191.77623578731,188.912928145214,189.196922131057
"874",209,4,187.243571136818,187.010170546542,187.771177023467,186.346436144378,186.073631242829
"875",209,5,185,185,185,185,185
"876",210,1,204.118452335746,201.876986676291,206.629090665519,200.101536539791,205.847920857865
"877",210,2,197.246083262228,195.930109881665,198.400227166164,195.848229856401,198.125041917902
"878",210,3,193.468903313424,192.930815498289,193.774852911625,193.113961274221,193.384792085786
"879",210,4,192,192,192,192,192
"880",211,1,191.586493249166,191.990663243018,191.168442182762,188.673841428799,188.456339803797
"881",211,2,183.959940730728,183.655690013115,183.301974210556,182.573557347006,182.422883876369
"882",211,3,180,180,180,180,180
"883",212,1,179.663407989609,179.617685163665,179.640596426084,177.802381240401,177.659950732594
"884",212,2,175.250963304254,174.585825673059,174.573645746996,174.010586244536,172.919767173701
"885",212,3,170.746592687953,170.154096213442,170.197642887784,170.128510415436,170.185045889723
"886",212,4,169,169,169,169,169
"887",213,1,184.686430912373,184.824653735051,184.477738501332,182.989958979237,182.982894511224
"888",213,2,178.329012496042,178.677710721989,178.505581882753,177.695741087014,177.689638816901
"889",213,3,173,173,173,173,173
"890",214,1,214.525031649881,216.81940005908,215.835036271237,213.218221804553,210.095982805107
"891",214,2,206.358127061835,209.239604637718,208.883069127767,206.554937862094,204.888581147736
"892",214,3,204.658972415999,205.809332257248,206.400223719385,204.333843214608,202.869384586715
"893",214,4,202.411703368282,203.04298356332,203.200111859692,202.329440727852,201.647239299781
"894",214,5,200.767360162635,201.051212503692,201.10348684817,200.758422562556,200.478230764452
"895",214,6,200,200,200,200,200
"896",215,1,214.185593357663,211.724458745266,214.187790693802,210.828766810357,208.238106659272
"897",215,2,206.438436986907,205.114573980056,207.497606341468,204.712196875007,202.749728988465
"898",215,3,200.546233549994,199.740683927039,200.535463275624,199.978503620692,199.195351068323
"899",215,4,197,197,197,197,197
"900",216,1,198.704631398916,199.645501010156,199.068426131158,197.609901491644,197.032883977046
"901",216,2,191.42963918606,191.51463318775,191.080363876124,190.862523848575,190.704761868833
"902",216,3,188,188,188,188,188
"903",217,1,199.568767422837,200.057244691493,200.390325615495,197.460717311822,197.191127297733
"904",217,2,192.591328735916,192.720194475643,193.732966351644,192.474937467356,191.645581487467
"905",217,3,189,189,189,189,189
"906",218,1,213.828251693056,216.490134255434,212.434006233898,209.490594981363,210.365786118356
"907",218,2,205.963489526806,206.225731600649,205.718448869215,203.956127192763,203.569931146722
"908",218,3,201.831620035711,201.844853610744,201.73279287229,200.431794988011,200.372195775152
"909",218,4,198.464911561486,198.226347830936,197.91093095743,197.783269888033,197.233183423761
"910",218,5,196,196,196,196,196
"911",219,1,190.754827449666,189.831965061718,191.168892440921,190.241425018983,191.047654677246
"912",219,2,185.532546087724,185.268783113163,185.811622276924,185.354598176484,185.553616898062
"913",219,3,182.576537769643,182.177595341562,182.686548014592,182.741839270594,182.583866747152
"914",219,4,181,181,181,181,181
"915",220,1,201.607325723011,202.085070887539,202.134791882591,199.461049608725,200.942153503752
"916",220,2,194.580291713464,194.036713794013,194.843431034381,193.396673023957,194.014670518892
"917",220,3,190.395072928366,190.298122111859,190.034235581306,190.465557674652,190.137347952738
"918",220,4,189,189,189,189,189
"919",221,1,189.134501740194,186.950560403357,190.983754229578,187.687728565111,185.150145971814
"920",221,2,180.965958978829,180.680381725069,182.311399305241,181.149704853681,180.430114970813
"921",221,3,178,178,178,178,178
"922",222,1,198.717690790105,198.442627339312,200.244168446844,197.770952623844,199.913220465201
"923",222,2,191.776483082887,192.079117610645,192.765488968246,191.940550590653,192.845611021071
"924",222,3,189,189,189,189,189
"925",223,1,214.046062258007,213.340080309147,212.2952263759,207.574389185107,NA
"926",223,2,205.957325708826,205.987044170031,205.563172513268,202.938326931538,NA
"927",223,3,202.048674490429,202.283292633291,201.685509488392,200.594250511194,NA
"928",223,4,199.117186076631,199.777813652555,199.154257236042,199.031532897631,NA
"929",223,5,197.760015514688,198.416140293459,197.807846463516,197.937630568138,NA
"930",223,6,197,197,197,197,NA
"931",224,1,204.256990509399,206.137193519586,205.275866512586,201.231573744111,203.776014060129
"932",224,2,196.780047862098,197.418597958835,196.688879136594,195.267440305333,196.120964313358
"933",224,3,192.855978671316,193.086044336621,193.200415515098,192.542448303132,192.900564075061
"934",224,4,191,191,191,191,191
"935",225,1,200.017735319819,197.992186433326,199.27515411242,197.233249016125,197.959027413863
"936",225,2,189.87944704423,189.470079478579,189.961964599443,189.592615676328,189.644167151864
"937",225,3,186,186,186,186,186
"938",226,1,228.179166754992,226.872241266178,225.740215766924,222.643277948327,224.341830618313
"939",226,2,218.902341647433,218.355566437816,218.301791662514,216.027124550827,217.0248456066
"940",226,3,213.3012396957,212.967466036199,214.034788687892,212.326564175954,211.609124416827
"941",226,4,210.734067967822,210.765876624786,210.805705355745,210.420214891928,210.226387091779
"942",226,5,209.1004132319,208.96984315758,209.075839284952,208.513865607903,208.72842165631
"943",226,6,207,207,207,207,207
"944",227,1,209.384515691997,209.757996306363,210.406385397659,204.450486452842,204.147231916607
"945",227,2,201.395363683521,201.771066671631,201.63465459099,198.604422249024,198.731869805672
"946",227,3,196.213211029375,196.428458334885,196.274152431359,195.500317362042,195.366984610527
"947",227,4,194,194,194,194,194
"948",228,1,237.242678194535,235.817211862994,236.310985948132,232.44875829452,234.778038282477
"949",228,2,228.26005998656,227.22975338903,229.138857378911,225.164308192661,226.652925564098
"950",228,3,222.797657022251,222.485632973343,222.931048617315,220.523408530993,222.018602013615
"951",228,4,220.369922371447,220.023494529759,221.062678990039,218.819787136203,219.43060314776
"952",228,5,217.760107621833,217.381199614693,217.747829651323,217.351148002764,217.023162342314
"953",228,6,216,216,216,216,216
"954",229,1,190.765806351949,188.358817267643,190.946997003802,188.258933861808,185.454726012857
"955",229,2,183.456910296497,183.061659813148,184.408519155377,182.9461693893,181.739869504101
"956",229,3,180,180,180,180,180
"957",230,1,205.493028801982,200.973784526277,204.542452911798,202.018996745465,200.257407204282
"958",230,2,199.08770471283,196.57798023615,198.270526443744,197.329118437823,195.994314860508
"959",230,3,194.693970007048,194.073394070845,194.264926346498,194.185353857975,193.76126648996
"960",230,4,193,193,193,193,193
"961",231,1,172.17172968915,172.949280184137,172.016470215928,170.492739245121,171.00030460557
"962",231,2,167.020381606233,167.825017057961,167.18243458998,166.07479913276,166.28379882669
"963",231,3,162,162,162,162,162
"964",232,1,195.932780009172,194.7749370158,195.894078843778,192.98304017224,195.621127324466
"965",232,2,187.19441513811,186.661114870459,186.733806614994,186.165354200954,186.055114153938
"966",232,3,183,183,183,183,183
"967",233,1,209.779011611209,210.042149282806,209.309936728624,205.208678835021,206.845955058637
"968",233,2,202.661178813164,202.034098585485,201.093965450973,199.895999033123,201.268263214884
"969",233,3,196.358365037795,196.893795773015,196.741132985992,196.250042306329,196.32802186756
"970",233,4,195,195,195,195,195
"971",234,1,210.249160403996,213.202899267493,212.435999584225,207.792093666801,208.998986145524
"972",234,2,204.162658156423,206.045969558483,205.27747521558,203.632959536997,203.269837327007
"973",234,3,200.630313102028,201.052762784755,201.422885170926,200.632065291442,200.35121434399
"974",234,4,199,199,199,199,199
"975",235,1,205.760435751836,207.35386696016,207.644595143396,204.923587312295,208.158902464225
"976",235,2,196.532285870827,198.129739476832,197.591888118079,195.948921402839,197.358855517572
"977",235,3,191.451619082406,191.823980010828,192.199029661788,191.230811324725,191.217652351828
"978",235,4,190,190,190,190,190
"979",236,1,236.501653821707,238.062194480366,240.035461315992,233.46598467421,226.777408044493
"980",236,2,226.400104928629,227.185596470302,227.725550528289,222.638400493723,219.958970567835
"981",236,3,219.867366722327,220.744706028587,220.585802271421,218.970038640224,217.43786763529
"982",236,4,216.782462569351,217.281208338232,217.754522790249,216.544186446781,216.005422787252
"983",236,5,214.84683643415,214.850683643245,214.615495539385,215.124175406717,215.088658084508
"984",236,6,214,214,214,214,214
"985",237,1,191.080292657108,192.685497787513,191.681096967369,188.074769980917,190.71465304955
"986",237,2,183.790626435326,184.031824878202,183.909990616693,183.022136133209,183.604019662121
"987",237,3,180,180,180,180,180
"988",238,1,189.406200487612,189.555647699511,189.452203114783,186.419202771717,186.22636297209
"989",238,2,183.885540135029,183.495924020162,183.249260144795,182.591461214335,182.825721573459
"990",238,3,179,179,179,179,179
"991",239,1,182.668527298823,183.364411301555,184.270595963598,182.210854294796,183.576784989533
"992",239,2,175.895887403512,176.376640786027,176.138646977204,176.070284764932,176.116374148702
"993",239,3,173,173,173,173,173
"994",240,1,201.581201637897,205.606844398984,206.549741361986,197.119065459223,201.010253871358
"995",240,2,195.718131049232,199.196082883368,198.321029850372,193.336696331261,195.121886302237
"996",240,3,192.251271918543,194.453161762058,194.232880182182,191.420950928787,192.126940728287
"997",240,4,190.364892685668,191.221720998089,191.24538619389,189.652570557272,189.893421995172
"998",240,5,189.039328900405,189.606000616104,189.62060876166,188.326285278636,188.522853681669
"999",240,6,187.662781892632,188.146640271086,188.100655679897,187.589460123838,187.710665051446
"1000",240,7,187,187,187,187,187
